Driver,LapNumber,LapTime,Compound,Stint,PitInTime,PitOutTime
VER,1.0,0 days 00:01:27.817000,MEDIUM,1.0,,
VER,2.0,0 days 00:01:23.412000,MEDIUM,1.0,,
VER,3.0,0 days 00:01:22.702000,MEDIUM,1.0,,
VER,4.0,0 days 00:01:22.787000,MEDIUM,1.0,,
VER,5.0,0 days 00:01:22.538000,MEDIUM,1.0,,
VER,6.0,0 days 00:01:28.329000,MEDIUM,1.0,,
VER,7.0,0 days 00:01:22.981000,MEDIUM,1.0,,
VER,8.0,0 days 00:01:23.010000,MEDIUM,1.0,,
VER,9.0,0 days 00:01:23.296000,MEDIUM,1.0,,
VER,10.0,0 days 00:01:23.234000,MEDIUM,1.0,,
VER,11.0,0 days 00:01:23.246000,MEDIUM,1.0,,
VER,12.0,0 days 00:01:23.124000,MEDIUM,1.0,,
VER,13.0,0 days 00:01:23.086000,MEDIUM,1.0,,
VER,14.0,0 days 00:01:22.891000,MEDIUM,1.0,,
VER,15.0,0 days 00:01:23.296000,MEDIUM,1.0,,
VER,16.0,0 days 00:01:23.364000,MEDIUM,1.0,,
VER,17.0,0 days 00:01:23.239000,MEDIUM,1.0,,
VER,18.0,0 days 00:01:23.484000,MEDIUM,1.0,,
VER,19.0,0 days 00:01:23.237000,MEDIUM,1.0,,
VER,20.0,0 days 00:01:23.344000,MEDIUM,1.0,,
VER,21.0,0 days 00:01:23.409000,MEDIUM,1.0,,
VER,22.0,0 days 00:01:23.221000,MEDIUM,1.0,,
VER,23.0,0 days 00:01:23.452000,MEDIUM,1.0,,
VER,24.0,0 days 00:01:23.291000,MEDIUM,1.0,,
VER,25.0,0 days 00:01:23.128000,MEDIUM,1.0,,
VER,26.0,0 days 00:01:23.510000,MEDIUM,1.0,,
VER,27.0,0 days 00:01:23.239000,MEDIUM,1.0,,
VER,28.0,0 days 00:01:23.192000,MEDIUM,1.0,,
VER,29.0,0 days 00:01:23.395000,MEDIUM,1.0,,
VER,30.0,0 days 00:01:23.348000,MEDIUM,1.0,,
VER,31.0,0 days 00:01:23.351000,MEDIUM,1.0,,
VER,32.0,0 days 00:01:23.383000,MEDIUM,1.0,,
VER,33.0,0 days 00:01:23.146000,MEDIUM,1.0,,
VER,34.0,0 days 00:01:23.604000,MEDIUM,1.0,,
VER,35.0,0 days 00:01:23.966000,MEDIUM,1.0,,
VER,36.0,0 days 00:01:24.026000,MEDIUM,1.0,,
VER,37.0,0 days 00:01:27.255000,MEDIUM,1.0,0 days 01:48:39.134000,
VER,38.0,0 days 00:01:40.899000,SOFT,2.0,,0 days 01:49:01.864000
VER,39.0,0 days 00:01:21.284000,SOFT,2.0,,
VER,40.0,0 days 00:01:21.425000,SOFT,2.0,,
VER,41.0,0 days 00:01:21.447000,SOFT,2.0,,
VER,42.0,0 days 00:01:21.349000,SOFT,2.0,,
VER,43.0,0 days 00:01:21.348000,SOFT,2.0,,
VER,44.0,0 days 00:01:21.404000,SOFT,2.0,,
VER,45.0,0 days 00:01:21.291000,SOFT,2.0,,
VER,46.0,0 days 00:01:21.681000,SOFT,2.0,,
VER,47.0,0 days 00:01:21.236000,SOFT,2.0,,
VER,48.0,0 days 00:01:21.435000,SOFT,2.0,,
VER,49.0,0 days 00:01:21.219000,SOFT,2.0,,
VER,50.0,0 days 00:01:21.108000,SOFT,2.0,,
VER,51.0,0 days 00:01:21.266000,SOFT,2.0,,
VER,52.0,0 days 00:01:21.224000,SOFT,2.0,,
VER,53.0,0 days 00:01:21.232000,SOFT,2.0,,
VER,54.0,0 days 00:01:21.283000,SOFT,2.0,,
VER,55.0,0 days 00:01:21.148000,SOFT,2.0,,
VER,56.0,0 days 00:01:21.267000,SOFT,2.0,,
VER,57.0,0 days 00:01:21.544000,SOFT,2.0,,
VER,58.0,0 days 00:01:21.183000,SOFT,2.0,,
VER,59.0,0 days 00:01:21.267000,SOFT,2.0,,
VER,60.0,0 days 00:01:21.174000,SOFT,2.0,,
VER,61.0,0 days 00:01:21.366000,SOFT,2.0,,
VER,62.0,0 days 00:01:21.237000,SOFT,2.0,,
VER,63.0,0 days 00:01:21.434000,SOFT,2.0,,
VER,64.0,0 days 00:01:21.434000,SOFT,2.0,,
VER,65.0,0 days 00:01:21.558000,SOFT,2.0,,
VER,66.0,0 days 00:01:21.248000,SOFT,2.0,,
VER,67.0,0 days 00:01:21.563000,SOFT,2.0,,
VER,68.0,0 days 00:01:21.663000,SOFT,2.0,,
VER,69.0,0 days 00:01:22.007000,SOFT,2.0,,
VER,70.0,0 days 00:01:37.045000,SOFT,2.0,,
VER,71.0,0 days 00:01:35.021000,SOFT,2.0,,
GAS,1.0,0 days 00:01:34.307000,MEDIUM,1.0,,
GAS,2.0,0 days 00:01:27.656000,MEDIUM,1.0,,
GAS,3.0,0 days 00:01:24.280000,MEDIUM,1.0,,
GAS,4.0,0 days 00:01:23.831000,MEDIUM,1.0,,
GAS,5.0,0 days 00:01:25.852000,MEDIUM,1.0,,
GAS,6.0,0 days 00:01:24.627000,MEDIUM,1.0,,
GAS,7.0,0 days 00:01:25.087000,MEDIUM,1.0,,
GAS,8.0,0 days 00:01:24.752000,MEDIUM,1.0,,
GAS,9.0,0 days 00:01:24.897000,MEDIUM,1.0,,
GAS,10.0,0 days 00:01:24.632000,MEDIUM,1.0,,
GAS,11.0,0 days 00:01:24.733000,MEDIUM,1.0,,
GAS,12.0,0 days 00:01:24.454000,MEDIUM,1.0,,
GAS,13.0,0 days 00:01:24.191000,MEDIUM,1.0,,
GAS,14.0,0 days 00:01:24.213000,MEDIUM,1.0,,
GAS,15.0,0 days 00:01:24.492000,MEDIUM,1.0,,
GAS,16.0,0 days 00:01:24.100000,MEDIUM,1.0,,
GAS,17.0,0 days 00:01:25.310000,MEDIUM,1.0,,
GAS,18.0,0 days 00:01:24.226000,MEDIUM,1.0,,
GAS,19.0,0 days 00:01:24.317000,MEDIUM,1.0,,
GAS,20.0,0 days 00:01:24.399000,MEDIUM,1.0,,
GAS,21.0,0 days 00:01:24.562000,MEDIUM,1.0,,
GAS,22.0,0 days 00:01:25.593000,MEDIUM,1.0,,
GAS,23.0,0 days 00:01:24.322000,MEDIUM,1.0,,
GAS,24.0,0 days 00:01:24.402000,MEDIUM,1.0,,
GAS,25.0,0 days 00:01:24.502000,MEDIUM,1.0,,
GAS,26.0,0 days 00:01:24.556000,MEDIUM,1.0,,
GAS,27.0,0 days 00:01:24.534000,MEDIUM,1.0,,
GAS,28.0,0 days 00:01:25.115000,MEDIUM,1.0,,
GAS,29.0,0 days 00:01:25.084000,MEDIUM,1.0,,
GAS,30.0,0 days 00:01:24.764000,MEDIUM,1.0,,
GAS,31.0,0 days 00:01:24.697000,MEDIUM,1.0,,
GAS,32.0,0 days 00:01:24.889000,MEDIUM,1.0,,
GAS,33.0,0 days 00:01:28.210000,MEDIUM,1.0,0 days 01:43:54.452000,
GAS,34.0,0 days 00:01:42.048000,SOFT,2.0,,0 days 01:44:17.228000
GAS,35.0,0 days 00:01:23.026000,SOFT,2.0,,
GAS,36.0,0 days 00:01:23.228000,SOFT,2.0,,
GAS,37.0,0 days 00:01:23.886000,SOFT,2.0,,
GAS,38.0,0 days 00:01:22.727000,SOFT,2.0,,
GAS,39.0,0 days 00:01:22.475000,SOFT,2.0,,
GAS,40.0,0 days 00:01:22.665000,SOFT,2.0,,
GAS,41.0,0 days 00:01:22.467000,SOFT,2.0,,
GAS,42.0,0 days 00:01:22.663000,SOFT,2.0,,
GAS,43.0,0 days 00:01:22.271000,SOFT,2.0,,
GAS,44.0,0 days 00:01:22.708000,SOFT,2.0,,
GAS,45.0,0 days 00:01:22.538000,SOFT,2.0,,
GAS,46.0,0 days 00:01:22.630000,SOFT,2.0,,
GAS,47.0,0 days 00:01:22.744000,SOFT,2.0,,
GAS,48.0,0 days 00:01:22.685000,SOFT,2.0,,
GAS,49.0,0 days 00:01:22.693000,SOFT,2.0,,
GAS,50.0,0 days 00:01:22.637000,SOFT,2.0,,
GAS,51.0,0 days 00:01:22.601000,SOFT,2.0,,
GAS,52.0,0 days 00:01:22.640000,SOFT,2.0,,
GAS,53.0,0 days 00:01:22.361000,SOFT,2.0,,
GAS,54.0,0 days 00:01:22.515000,SOFT,2.0,,
GAS,55.0,0 days 00:01:22.578000,SOFT,2.0,,
GAS,56.0,0 days 00:01:22.582000,SOFT,2.0,,
GAS,57.0,0 days 00:01:22.699000,SOFT,2.0,,
GAS,58.0,0 days 00:01:24.793000,SOFT,2.0,,
GAS,59.0,0 days 00:01:23.014000,SOFT,2.0,,
GAS,60.0,0 days 00:01:22.713000,SOFT,2.0,,
GAS,61.0,0 days 00:01:24.423000,SOFT,2.0,,
GAS,62.0,0 days 00:01:22.632000,SOFT,2.0,,
GAS,63.0,0 days 00:01:22.944000,SOFT,2.0,,
GAS,64.0,0 days 00:01:22.681000,SOFT,2.0,,
GAS,65.0,0 days 00:01:22.802000,SOFT,2.0,,
GAS,66.0,0 days 00:01:23.080000,SOFT,2.0,,
GAS,67.0,0 days 00:01:22.800000,SOFT,2.0,,
GAS,68.0,0 days 00:01:24.301000,SOFT,2.0,,
GAS,69.0,0 days 00:01:45.019000,SOFT,2.0,,
GAS,70.0,0 days 00:01:27.799000,SOFT,2.0,,
ANT,1.0,0 days 00:01:29.572000,SOFT,1.0,,
ANT,2.0,0 days 00:01:23.658000,SOFT,1.0,,
ANT,3.0,0 days 00:01:23.002000,SOFT,1.0,,
ANT,4.0,0 days 00:01:23.019000,SOFT,1.0,,
ANT,5.0,0 days 00:01:22.774000,SOFT,1.0,,
ANT,6.0,0 days 00:01:26.125000,SOFT,1.0,,
ANT,7.0,0 days 00:01:23.059000,SOFT,1.0,,
ANT,8.0,0 days 00:01:23.181000,SOFT,1.0,,
ANT,9.0,0 days 00:01:23.125000,SOFT,1.0,,
ANT,10.0,0 days 00:01:23.467000,SOFT,1.0,,
ANT,11.0,0 days 00:01:23.350000,SOFT,1.0,,
ANT,12.0,0 days 00:01:23.087000,SOFT,1.0,,
ANT,13.0,0 days 00:01:23.054000,SOFT,1.0,,
ANT,14.0,0 days 00:01:22.965000,SOFT,1.0,,
ANT,15.0,0 days 00:01:23.387000,SOFT,1.0,,
ANT,16.0,0 days 00:01:23.577000,SOFT,1.0,,
ANT,17.0,0 days 00:01:23.226000,SOFT,1.0,,
ANT,18.0,0 days 00:01:23.348000,SOFT,1.0,,
ANT,19.0,0 days 00:01:23.361000,SOFT,1.0,,
ANT,20.0,0 days 00:01:23.421000,SOFT,1.0,,
ANT,21.0,0 days 00:01:23.538000,SOFT,1.0,,
ANT,22.0,0 days 00:01:26.134000,SOFT,1.0,0 days 01:27:48.170000,
ANT,23.0,0 days 00:01:40.558000,MEDIUM,2.0,,0 days 01:28:10.623000
ANT,24.0,0 days 00:01:22.969000,MEDIUM,2.0,,
ANT,25.0,0 days 00:01:21.845000,MEDIUM,2.0,,
ANT,26.0,0 days 00:01:22.437000,MEDIUM,2.0,,
ANT,27.0,0 days 00:01:22.709000,MEDIUM,2.0,,
ANT,28.0,0 days 00:01:22.540000,MEDIUM,2.0,,
ANT,29.0,0 days 00:01:22.378000,MEDIUM,2.0,,
ANT,30.0,0 days 00:01:22.557000,MEDIUM,2.0,,
ANT,31.0,0 days 00:01:22.522000,MEDIUM,2.0,,
ANT,32.0,0 days 00:01:23.240000,MEDIUM,2.0,,
ANT,33.0,0 days 00:01:22.077000,MEDIUM,2.0,,
ANT,34.0,0 days 00:01:22.335000,MEDIUM,2.0,,
ANT,35.0,0 days 00:01:22.650000,MEDIUM,2.0,,
ANT,36.0,0 days 00:01:22.568000,MEDIUM,2.0,,
ANT,37.0,0 days 00:01:22.467000,MEDIUM,2.0,,
ANT,38.0,0 days 00:01:22.477000,MEDIUM,2.0,,
ANT,39.0,0 days 00:01:22.421000,MEDIUM,2.0,,
ANT,40.0,0 days 00:01:22.410000,MEDIUM,2.0,,
ANT,41.0,0 days 00:01:24.072000,MEDIUM,2.0,,
ANT,42.0,0 days 00:01:22.353000,MEDIUM,2.0,,
ANT,43.0,0 days 00:01:22.271000,MEDIUM,2.0,,
ANT,44.0,0 days 00:01:22.248000,MEDIUM,2.0,,
ANT,45.0,0 days 00:01:22.513000,MEDIUM,2.0,,
ANT,46.0,0 days 00:01:22.556000,MEDIUM,2.0,,
ANT,47.0,0 days 00:01:26.184000,MEDIUM,2.0,0 days 02:02:33.545000,
ANT,48.0,0 days 00:01:42.458000,SOFT,3.0,,0 days 02:02:58.099000
ANT,49.0,0 days 00:01:21.474000,SOFT,3.0,,
ANT,50.0,0 days 00:01:21.007000,SOFT,3.0,,
ANT,51.0,0 days 00:01:20.900000,SOFT,3.0,,
ANT,52.0,0 days 00:01:20.924000,SOFT,3.0,,
ANT,53.0,0 days 00:01:20.874000,SOFT,3.0,,
ANT,54.0,0 days 00:01:20.869000,SOFT,3.0,,
ANT,55.0,0 days 00:01:20.873000,SOFT,3.0,,
ANT,56.0,0 days 00:01:20.869000,SOFT,3.0,,
ANT,57.0,0 days 00:01:21.144000,SOFT,3.0,,
ANT,58.0,0 days 00:01:20.826000,SOFT,3.0,,
ANT,59.0,0 days 00:01:21.104000,SOFT,3.0,,
ANT,60.0,0 days 00:01:21.472000,SOFT,3.0,,
ANT,61.0,0 days 00:01:21.393000,SOFT,3.0,,
ANT,62.0,0 days 00:01:20.900000,SOFT,3.0,,
ANT,63.0,0 days 00:01:21.744000,SOFT,3.0,,
ANT,64.0,0 days 00:01:21.711000,SOFT,3.0,,
ANT,65.0,0 days 00:01:21.315000,SOFT,3.0,,
ANT,66.0,0 days 00:01:21.260000,SOFT,3.0,,
ANT,67.0,0 days 00:01:21.047000,SOFT,3.0,,
ANT,68.0,0 days 00:01:21.024000,SOFT,3.0,,
ANT,69.0,0 days 00:01:23.044000,SOFT,3.0,,
ANT,70.0,0 days 00:01:41.733000,SOFT,3.0,,
ANT,71.0,0 days 00:01:27.659000,SOFT,3.0,,
ALO,1.0,0 days 00:01:34.649000,SOFT,1.0,,
ALO,2.0,0 days 00:01:26.255000,SOFT,1.0,,
ALO,3.0,0 days 00:01:23.111000,SOFT,1.0,,
ALO,4.0,0 days 00:01:22.965000,SOFT,1.0,,
ALO,5.0,0 days 00:01:22.884000,SOFT,1.0,,
ALO,6.0,0 days 00:01:23.525000,SOFT,1.0,,
ALO,7.0,0 days 00:01:23.732000,SOFT,1.0,,
ALO,8.0,0 days 00:01:24.017000,SOFT,1.0,,
ALO,9.0,0 days 00:01:24.591000,SOFT,1.0,,
ALO,10.0,0 days 00:01:24.214000,SOFT,1.0,,
ALO,11.0,0 days 00:01:24.076000,SOFT,1.0,,
ALO,12.0,0 days 00:01:24.407000,SOFT,1.0,,
ALO,13.0,0 days 00:01:24.088000,SOFT,1.0,,
ALO,14.0,0 days 00:01:23.803000,SOFT,1.0,,
ALO,15.0,0 days 00:01:24.306000,SOFT,1.0,,
ALO,16.0,0 days 00:01:23.959000,SOFT,1.0,,
ALO,17.0,0 days 00:01:24.641000,SOFT,1.0,,
ALO,18.0,0 days 00:01:24.123000,SOFT,1.0,,
ALO,19.0,0 days 00:01:24.182000,SOFT,1.0,,
ALO,20.0,0 days 00:01:28.541000,SOFT,1.0,0 days 01:25:20.882000,
ALO,21.0,0 days 00:01:45.378000,MEDIUM,2.0,,0 days 01:25:47.750000
ALO,22.0,0 days 00:01:21.708000,MEDIUM,2.0,,
ALO,23.0,0 days 00:01:22.066000,MEDIUM,2.0,,
ALO,24.0,0 days 00:01:22.381000,MEDIUM,2.0,,
ALO,25.0,0 days 00:01:23.038000,MEDIUM,2.0,,
ALO,26.0,0 days 00:01:22.663000,MEDIUM,2.0,,
ALO,27.0,0 days 00:01:23.810000,MEDIUM,2.0,,
ALO,28.0,0 days 00:01:22.404000,MEDIUM,2.0,,
ALO,29.0,0 days 00:01:22.584000,MEDIUM,2.0,,
ALO,30.0,0 days 00:01:22.786000,MEDIUM,2.0,,
ALO,31.0,0 days 00:01:22.576000,MEDIUM,2.0,,
ALO,32.0,0 days 00:01:22.661000,MEDIUM,2.0,,
ALO,33.0,0 days 00:01:22.881000,MEDIUM,2.0,,
ALO,34.0,0 days 00:01:33.698000,MEDIUM,2.0,0 days 01:45:11.490000,
LEC,1.0,0 days 00:01:26.403000,SOFT,1.0,,
LEC,2.0,0 days 00:01:23.141000,SOFT,1.0,,
LEC,3.0,0 days 00:01:22.825000,SOFT,1.0,,
LEC,4.0,0 days 00:01:22.476000,SOFT,1.0,,
LEC,5.0,0 days 00:01:22.622000,SOFT,1.0,,
LEC,6.0,0 days 00:01:22.596000,SOFT,1.0,,
LEC,7.0,0 days 00:01:22.620000,SOFT,1.0,,
LEC,8.0,0 days 00:01:22.735000,SOFT,1.0,,
LEC,9.0,0 days 00:01:22.475000,SOFT,1.0,,
LEC,10.0,0 days 00:01:22.629000,SOFT,1.0,,
LEC,11.0,0 days 00:01:22.889000,SOFT,1.0,,
LEC,12.0,0 days 00:01:22.526000,SOFT,1.0,,
LEC,13.0,0 days 00:01:22.953000,SOFT,1.0,,
LEC,14.0,0 days 00:01:22.823000,SOFT,1.0,,
LEC,15.0,0 days 00:01:22.820000,SOFT,1.0,,
LEC,16.0,0 days 00:01:23,SOFT,1.0,,
LEC,17.0,0 days 00:01:23.087000,SOFT,1.0,,
LEC,18.0,0 days 00:01:23.301000,SOFT,1.0,,
LEC,19.0,0 days 00:01:22.818000,SOFT,1.0,,
LEC,20.0,0 days 00:01:22.837000,SOFT,1.0,,
LEC,21.0,0 days 00:01:22.722000,SOFT,1.0,,
LEC,22.0,0 days 00:01:23.059000,SOFT,1.0,,
LEC,23.0,0 days 00:01:23.204000,SOFT,1.0,,
LEC,24.0,0 days 00:01:23.501000,SOFT,1.0,,
LEC,25.0,0 days 00:01:23.446000,SOFT,1.0,,
LEC,26.0,0 days 00:01:23.683000,SOFT,1.0,,
LEC,27.0,0 days 00:01:23.544000,SOFT,1.0,,
LEC,28.0,0 days 00:01:23.608000,SOFT,1.0,,
LEC,29.0,0 days 00:01:23.587000,SOFT,1.0,,
LEC,30.0,0 days 00:01:24.197000,SOFT,1.0,,
LEC,31.0,0 days 00:01:27.353000,SOFT,1.0,0 days 01:40:06.174000,
LEC,32.0,0 days 00:01:41.492000,MEDIUM,2.0,,0 days 01:40:28.568000
LEC,33.0,0 days 00:01:22.799000,MEDIUM,2.0,,
LEC,34.0,0 days 00:01:22.597000,MEDIUM,2.0,,
LEC,35.0,0 days 00:01:22.430000,MEDIUM,2.0,,
LEC,36.0,0 days 00:01:21.995000,MEDIUM,2.0,,
LEC,37.0,0 days 00:01:22.093000,MEDIUM,2.0,,
LEC,38.0,0 days 00:01:21.952000,MEDIUM,2.0,,
LEC,39.0,0 days 00:01:22.040000,MEDIUM,2.0,,
LEC,40.0,0 days 00:01:22.235000,MEDIUM,2.0,,
LEC,41.0,0 days 00:01:22.115000,MEDIUM,2.0,,
LEC,42.0,0 days 00:01:21.813000,MEDIUM,2.0,,
LEC,43.0,0 days 00:01:21.857000,MEDIUM,2.0,,
LEC,44.0,0 days 00:01:21.684000,MEDIUM,2.0,,
LEC,45.0,0 days 00:01:21.588000,MEDIUM,2.0,,
LEC,46.0,0 days 00:01:21.683000,MEDIUM,2.0,,
LEC,47.0,0 days 00:01:21.818000,MEDIUM,2.0,,
LEC,48.0,0 days 00:01:21.975000,MEDIUM,2.0,,
LEC,49.0,0 days 00:01:21.773000,MEDIUM,2.0,,
LEC,50.0,0 days 00:01:22.011000,MEDIUM,2.0,,
LEC,51.0,0 days 00:01:21.987000,MEDIUM,2.0,,
LEC,52.0,0 days 00:01:21.914000,MEDIUM,2.0,,
LEC,53.0,0 days 00:01:21.956000,MEDIUM,2.0,,
LEC,54.0,0 days 00:01:21.867000,MEDIUM,2.0,,
LEC,55.0,0 days 00:01:22.043000,MEDIUM,2.0,,
LEC,56.0,0 days 00:01:21.888000,MEDIUM,2.0,,
LEC,57.0,0 days 00:01:22.250000,MEDIUM,2.0,,
LEC,58.0,0 days 00:01:21.903000,MEDIUM,2.0,,
LEC,59.0,0 days 00:01:22.038000,MEDIUM,2.0,,
LEC,60.0,0 days 00:01:21.613000,MEDIUM,2.0,,
LEC,61.0,0 days 00:01:22.122000,MEDIUM,2.0,,
LEC,62.0,0 days 00:01:21.688000,MEDIUM,2.0,,
LEC,63.0,0 days 00:01:22.095000,MEDIUM,2.0,,
LEC,64.0,0 days 00:01:21.851000,MEDIUM,2.0,,
LEC,65.0,0 days 00:01:21.924000,MEDIUM,2.0,,
LEC,66.0,0 days 00:01:21.792000,MEDIUM,2.0,,
LEC,67.0,0 days 00:01:22.237000,MEDIUM,2.0,,
LEC,68.0,0 days 00:01:21.928000,MEDIUM,2.0,,
LEC,69.0,0 days 00:01:22.418000,MEDIUM,2.0,,
LEC,70.0,0 days 00:01:37.242000,MEDIUM,2.0,,
LEC,71.0,0 days 00:01:34.712000,MEDIUM,2.0,,
STR,1.0,0 days 00:01:38.448000,SOFT,1.0,,
STR,2.0,0 days 00:01:24.968000,SOFT,1.0,,
STR,3.0,0 days 00:01:24.774000,SOFT,1.0,,
STR,4.0,0 days 00:01:23.516000,SOFT,1.0,,
STR,5.0,0 days 00:01:24.481000,SOFT,1.0,,
STR,6.0,0 days 00:01:22.898000,SOFT,1.0,,
STR,7.0,0 days 00:01:23.385000,SOFT,1.0,,
STR,8.0,0 days 00:01:23.680000,SOFT,1.0,,
STR,9.0,0 days 00:01:23.942000,SOFT,1.0,,
STR,10.0,0 days 00:01:23.610000,SOFT,1.0,,
STR,11.0,0 days 00:01:23.978000,SOFT,1.0,,
STR,12.0,0 days 00:01:23.827000,SOFT,1.0,,
STR,13.0,0 days 00:01:23.872000,SOFT,1.0,,
STR,14.0,0 days 00:01:23.865000,SOFT,1.0,,
STR,15.0,0 days 00:01:23.341000,SOFT,1.0,,
STR,16.0,0 days 00:01:23.808000,SOFT,1.0,,
STR,17.0,0 days 00:01:23.931000,SOFT,1.0,,
STR,18.0,0 days 00:01:23.793000,SOFT,1.0,,
STR,19.0,0 days 00:01:23.988000,SOFT,1.0,,
STR,20.0,0 days 00:01:23.773000,SOFT,1.0,,
STR,21.0,0 days 00:01:23.685000,SOFT,1.0,,
STR,22.0,0 days 00:01:23.626000,SOFT,1.0,,
STR,23.0,0 days 00:01:23.703000,SOFT,1.0,,
STR,24.0,0 days 00:01:23.772000,SOFT,1.0,,
STR,25.0,0 days 00:01:24.857000,SOFT,1.0,,
STR,26.0,0 days 00:01:27.111000,SOFT,1.0,0 days 01:33:43.524000,
STR,27.0,0 days 00:01:41.545000,MEDIUM,2.0,,0 days 01:34:05.449000
STR,28.0,0 days 00:01:22.220000,MEDIUM,2.0,,
STR,29.0,0 days 00:01:22.080000,MEDIUM,2.0,,
STR,30.0,0 days 00:01:22.581000,MEDIUM,2.0,,
STR,31.0,0 days 00:01:22.347000,MEDIUM,2.0,,
STR,32.0,0 days 00:01:22.115000,MEDIUM,2.0,,
STR,33.0,0 days 00:01:22.329000,MEDIUM,2.0,,
STR,34.0,0 days 00:01:22.079000,MEDIUM,2.0,,
STR,35.0,0 days 00:01:23.215000,MEDIUM,2.0,,
STR,36.0,0 days 00:01:23.069000,MEDIUM,2.0,,
STR,37.0,0 days 00:01:23.154000,MEDIUM,2.0,,
STR,38.0,0 days 00:01:22.365000,MEDIUM,2.0,,
STR,39.0,0 days 00:01:22.458000,MEDIUM,2.0,,
STR,40.0,0 days 00:01:22.606000,MEDIUM,2.0,,
STR,41.0,0 days 00:01:22.751000,MEDIUM,2.0,,
STR,42.0,0 days 00:01:22.839000,MEDIUM,2.0,,
STR,43.0,0 days 00:01:25.444000,MEDIUM,2.0,0 days 01:57:28.672000,
STR,44.0,0 days 00:01:42.462000,SOFT,3.0,,0 days 01:57:52.295000
STR,45.0,0 days 00:01:20.593000,SOFT,3.0,,
STR,46.0,0 days 00:01:21.545000,SOFT,3.0,,
STR,47.0,0 days 00:01:22.648000,SOFT,3.0,,
STR,48.0,0 days 00:01:21.705000,SOFT,3.0,,
STR,49.0,0 days 00:01:22.077000,SOFT,3.0,,
STR,50.0,0 days 00:01:24.150000,SOFT,3.0,,
STR,51.0,0 days 00:01:22.214000,SOFT,3.0,,
STR,52.0,0 days 00:01:22.168000,SOFT,3.0,,
STR,53.0,0 days 00:01:21.789000,SOFT,3.0,,
STR,54.0,0 days 00:01:21.628000,SOFT,3.0,,
STR,55.0,0 days 00:01:22.037000,SOFT,3.0,,
STR,56.0,0 days 00:01:22.051000,SOFT,3.0,,
STR,57.0,0 days 00:01:22.089000,SOFT,3.0,,
STR,58.0,0 days 00:01:21.673000,SOFT,3.0,,
STR,59.0,0 days 00:01:21.649000,SOFT,3.0,,
STR,60.0,0 days 00:01:22.097000,SOFT,3.0,,
STR,61.0,0 days 00:01:22.142000,SOFT,3.0,,
STR,62.0,0 days 00:01:22.084000,SOFT,3.0,,
STR,63.0,0 days 00:01:22.595000,SOFT,3.0,,
STR,64.0,0 days 00:01:22.308000,SOFT,3.0,,
STR,65.0,0 days 00:01:21.876000,SOFT,3.0,,
STR,66.0,0 days 00:01:21.979000,SOFT,3.0,,
STR,67.0,0 days 00:01:21.907000,SOFT,3.0,,
STR,68.0,0 days 00:01:21.745000,SOFT,3.0,,
STR,69.0,0 days 00:01:29.064000,SOFT,3.0,,
STR,70.0,0 days 00:01:41.505000,SOFT,3.0,,
TSU,1.0,0 days 00:01:30.188000,MEDIUM,1.0,,
TSU,2.0,0 days 00:01:23.838000,MEDIUM,1.0,,
TSU,3.0,0 days 00:01:23.059000,MEDIUM,1.0,,
TSU,4.0,0 days 00:01:23.096000,MEDIUM,1.0,,
TSU,5.0,0 days 00:01:22.832000,MEDIUM,1.0,,
TSU,6.0,0 days 00:01:26.306000,MEDIUM,1.0,,
TSU,7.0,0 days 00:01:23.698000,MEDIUM,1.0,,
TSU,8.0,0 days 00:01:23.374000,MEDIUM,1.0,,
TSU,9.0,0 days 00:01:23.522000,MEDIUM,1.0,,
TSU,10.0,0 days 00:01:23.773000,MEDIUM,1.0,,
TSU,11.0,0 days 00:01:24.667000,MEDIUM,1.0,,
TSU,12.0,0 days 00:01:23.854000,MEDIUM,1.0,,
TSU,13.0,0 days 00:01:23.977000,MEDIUM,1.0,,
TSU,14.0,0 days 00:01:23.756000,MEDIUM,1.0,,
TSU,15.0,0 days 00:01:23.693000,MEDIUM,1.0,,
TSU,16.0,0 days 00:01:24.146000,MEDIUM,1.0,,
TSU,17.0,0 days 00:01:23.944000,MEDIUM,1.0,,
TSU,18.0,0 days 00:01:23.826000,MEDIUM,1.0,,
TSU,19.0,0 days 00:01:23.538000,MEDIUM,1.0,,
TSU,20.0,0 days 00:01:23.852000,MEDIUM,1.0,,
TSU,21.0,0 days 00:01:23.552000,MEDIUM,1.0,,
TSU,22.0,0 days 00:01:23.587000,MEDIUM,1.0,,
TSU,23.0,0 days 00:01:23.642000,MEDIUM,1.0,,
TSU,24.0,0 days 00:01:23.655000,MEDIUM,1.0,,
TSU,25.0,0 days 00:01:23.424000,MEDIUM,1.0,,
TSU,26.0,0 days 00:01:23.774000,MEDIUM,1.0,,
TSU,27.0,0 days 00:01:23.527000,MEDIUM,1.0,,
TSU,28.0,0 days 00:01:23.466000,MEDIUM,1.0,,
TSU,29.0,0 days 00:01:23.431000,MEDIUM,1.0,,
TSU,30.0,0 days 00:01:23.551000,MEDIUM,1.0,,
TSU,31.0,0 days 00:01:23.591000,MEDIUM,1.0,,
TSU,32.0,0 days 00:01:24.825000,MEDIUM,1.0,,
TSU,33.0,0 days 00:01:25.190000,MEDIUM,1.0,,
TSU,34.0,0 days 00:01:24.432000,MEDIUM,1.0,,
TSU,35.0,0 days 00:01:25.496000,MEDIUM,1.0,,
TSU,36.0,0 days 00:01:27.065000,MEDIUM,1.0,0 days 01:47:33.892000,
TSU,37.0,0 days 00:01:50.334000,SOFT,2.0,,0 days 01:48:05.614000
TSU,38.0,0 days 00:01:22.354000,SOFT,2.0,,
TSU,39.0,0 days 00:01:21.853000,SOFT,2.0,,
TSU,40.0,0 days 00:01:21.885000,SOFT,2.0,,
TSU,41.0,0 days 00:01:21.853000,SOFT,2.0,,
TSU,42.0,0 days 00:01:21.745000,SOFT,2.0,,
TSU,43.0,0 days 00:01:21.633000,SOFT,2.0,,
TSU,44.0,0 days 00:01:21.486000,SOFT,2.0,,
TSU,45.0,0 days 00:01:21.880000,SOFT,2.0,,
TSU,46.0,0 days 00:01:21.764000,SOFT,2.0,,
TSU,47.0,0 days 00:01:22.394000,SOFT,2.0,,
TSU,48.0,0 days 00:01:22.155000,SOFT,2.0,,
TSU,49.0,0 days 00:01:22.258000,SOFT,2.0,,
TSU,50.0,0 days 00:01:22.068000,SOFT,2.0,,
TSU,51.0,0 days 00:01:22.028000,SOFT,2.0,,
TSU,52.0,0 days 00:01:22.013000,SOFT,2.0,,
TSU,53.0,0 days 00:01:21.977000,SOFT,2.0,,
TSU,54.0,0 days 00:01:22.073000,SOFT,2.0,,
TSU,55.0,0 days 00:01:22.365000,SOFT,2.0,,
TSU,56.0,0 days 00:01:22.288000,SOFT,2.0,,
TSU,57.0,0 days 00:01:22.230000,SOFT,2.0,,
TSU,58.0,0 days 00:01:22.092000,SOFT,2.0,,
TSU,59.0,0 days 00:01:22.107000,SOFT,2.0,,
TSU,60.0,0 days 00:01:22.395000,SOFT,2.0,,
TSU,61.0,0 days 00:01:22.191000,SOFT,2.0,,
TSU,62.0,0 days 00:01:23.587000,SOFT,2.0,,
TSU,63.0,0 days 00:01:22.853000,SOFT,2.0,,
TSU,64.0,0 days 00:01:22.132000,SOFT,2.0,,
TSU,65.0,0 days 00:01:21.704000,SOFT,2.0,,
TSU,66.0,0 days 00:01:21.917000,SOFT,2.0,,
TSU,67.0,0 days 00:01:21.680000,SOFT,2.0,,
TSU,68.0,0 days 00:01:21.672000,SOFT,2.0,,
TSU,69.0,0 days 00:01:26.739000,SOFT,2.0,,
TSU,70.0,0 days 00:01:44.871000,SOFT,2.0,,
TSU,71.0,0 days 00:01:21.899000,SOFT,2.0,,
ALB,1.0,0 days 00:01:35.288000,HARD,1.0,,
ALB,2.0,0 days 00:01:27.272000,HARD,1.0,,
ALB,3.0,0 days 00:01:24.528000,HARD,1.0,,
ALB,4.0,0 days 00:01:23.640000,HARD,1.0,,
ALB,5.0,0 days 00:01:24.138000,HARD,1.0,,
ALB,6.0,0 days 00:01:23.463000,HARD,1.0,,
ALB,7.0,0 days 00:01:23.573000,HARD,1.0,,
ALB,8.0,0 days 00:01:25.288000,HARD,1.0,,
ALB,9.0,0 days 00:01:24.233000,HARD,1.0,,
ALB,10.0,0 days 00:01:24.264000,HARD,1.0,,
ALB,11.0,0 days 00:01:24.141000,HARD,1.0,,
ALB,12.0,0 days 00:01:24.024000,HARD,1.0,,
ALB,13.0,0 days 00:01:24.005000,HARD,1.0,,
ALB,14.0,0 days 00:01:23.942000,HARD,1.0,,
ALB,15.0,0 days 00:01:23.719000,HARD,1.0,,
ALB,16.0,0 days 00:01:23.995000,HARD,1.0,,
ALB,17.0,0 days 00:01:24.238000,HARD,1.0,,
ALB,18.0,0 days 00:01:24.003000,HARD,1.0,,
ALB,19.0,0 days 00:01:23.654000,HARD,1.0,,
ALB,20.0,0 days 00:01:24.094000,HARD,1.0,,
ALB,21.0,0 days 00:01:23.757000,HARD,1.0,,
ALB,22.0,0 days 00:01:23.626000,HARD,1.0,,
ALB,23.0,0 days 00:01:23.926000,HARD,1.0,,
ALB,24.0,0 days 00:01:23.644000,HARD,1.0,,
ALB,25.0,0 days 00:01:23.997000,HARD,1.0,,
ALB,26.0,0 days 00:01:24.857000,HARD,1.0,,
ALB,27.0,0 days 00:01:24.721000,HARD,1.0,,
ALB,28.0,0 days 00:01:23.787000,HARD,1.0,,
ALB,29.0,0 days 00:01:24.486000,HARD,1.0,,
ALB,30.0,0 days 00:01:24.223000,HARD,1.0,,
ALB,31.0,0 days 00:01:23.667000,HARD,1.0,,
ALB,32.0,0 days 00:01:23.480000,HARD,1.0,,
ALB,33.0,0 days 00:01:23.332000,HARD,1.0,,
ALB,34.0,0 days 00:01:23.753000,HARD,1.0,,
ALB,35.0,0 days 00:01:26.855000,HARD,1.0,,
ALB,36.0,0 days 00:01:23.834000,HARD,1.0,,
ALB,37.0,0 days 00:01:23.518000,HARD,1.0,,
ALB,38.0,0 days 00:01:24.639000,HARD,1.0,,
ALB,39.0,0 days 00:01:23.406000,HARD,1.0,,
ALB,40.0,0 days 00:01:23.608000,HARD,1.0,,
ALB,41.0,0 days 00:01:26.735000,HARD,1.0,0 days 01:54:48.157000,
ALB,42.0,0 days 00:01:39.976000,SOFT,2.0,,0 days 01:55:10.196000
ALB,43.0,0 days 00:01:20.548000,SOFT,2.0,,
ALB,44.0,0 days 00:01:21.579000,SOFT,2.0,,
ALB,45.0,0 days 00:01:20.480000,SOFT,2.0,,
ALB,46.0,0 days 00:01:20.755000,SOFT,2.0,,
ALB,47.0,0 days 00:01:21.092000,SOFT,2.0,,
ALB,48.0,0 days 00:01:20.936000,SOFT,2.0,,
ALB,49.0,0 days 00:01:21.099000,SOFT,2.0,,
ALB,50.0,0 days 00:01:21.695000,SOFT,2.0,,
ALB,51.0,0 days 00:01:23.023000,SOFT,2.0,,
ALB,52.0,0 days 00:01:21.935000,SOFT,2.0,,
ALB,53.0,0 days 00:01:21.672000,SOFT,2.0,,
ALB,54.0,0 days 00:01:21.810000,SOFT,2.0,,
ALB,55.0,0 days 00:01:21.786000,SOFT,2.0,,
ALB,56.0,0 days 00:01:21.594000,SOFT,2.0,,
ALB,57.0,0 days 00:01:21.641000,SOFT,2.0,,
ALB,58.0,0 days 00:01:21.316000,SOFT,2.0,,
ALB,59.0,0 days 00:01:21.660000,SOFT,2.0,,
ALB,60.0,0 days 00:01:22.015000,SOFT,2.0,,
ALB,61.0,0 days 00:01:21.765000,SOFT,2.0,,
ALB,62.0,0 days 00:01:21.936000,SOFT,2.0,,
ALB,63.0,0 days 00:01:23.514000,SOFT,2.0,,
ALB,64.0,0 days 00:01:23.972000,SOFT,2.0,,
ALB,65.0,0 days 00:01:22.081000,SOFT,2.0,,
ALB,66.0,0 days 00:01:22.120000,SOFT,2.0,,
ALB,67.0,0 days 00:01:22.024000,SOFT,2.0,,
ALB,68.0,0 days 00:01:21.763000,SOFT,2.0,,
ALB,69.0,0 days 00:01:28.495000,SOFT,2.0,,
ALB,70.0,0 days 00:01:43.389000,SOFT,2.0,,
HUL,1.0,0 days 00:01:34.968000,SOFT,1.0,,
HUL,2.0,0 days 00:01:27.267000,SOFT,1.0,,
HUL,3.0,0 days 00:01:26.868000,SOFT,1.0,,
HUL,4.0,0 days 00:01:23.372000,SOFT,1.0,,
HUL,5.0,0 days 00:01:24.327000,SOFT,1.0,,
HUL,6.0,0 days 00:01:24.104000,SOFT,1.0,,
HUL,7.0,0 days 00:01:23.858000,SOFT,1.0,,
HUL,8.0,0 days 00:01:25.996000,SOFT,1.0,,
HUL,9.0,0 days 00:01:23.278000,SOFT,1.0,,
HUL,10.0,0 days 00:01:24.235000,SOFT,1.0,,
HUL,11.0,0 days 00:01:23.267000,SOFT,1.0,,
HUL,12.0,0 days 00:01:25.360000,SOFT,1.0,,
HUL,13.0,0 days 00:01:24.187000,SOFT,1.0,,
HUL,14.0,0 days 00:01:23.091000,SOFT,1.0,,
HUL,15.0,0 days 00:01:24.076000,SOFT,1.0,,
HUL,16.0,0 days 00:01:23.656000,SOFT,1.0,,
HUL,17.0,0 days 00:01:23.787000,SOFT,1.0,,
HUL,18.0,0 days 00:01:23.975000,SOFT,1.0,,
HUL,19.0,0 days 00:01:24.405000,SOFT,1.0,,
HUL,20.0,0 days 00:01:24.581000,SOFT,1.0,,
HUL,21.0,0 days 00:01:24.637000,SOFT,1.0,,
HUL,22.0,0 days 00:01:24.452000,SOFT,1.0,,
HUL,23.0,0 days 00:01:24.225000,SOFT,1.0,,
HUL,24.0,0 days 00:01:24.366000,SOFT,1.0,,
HUL,25.0,0 days 00:01:28.796000,SOFT,1.0,0 days 01:32:29.986000,
LAW,1.0,0 days 00:01:33.774000,SOFT,1.0,,
LAW,2.0,0 days 00:01:31.076000,SOFT,1.0,0 days 01:00:09.599000,
LAW,3.0,0 days 00:01:58.457000,HARD,2.0,,0 days 01:00:43.770000
LAW,4.0,0 days 00:01:25.124000,HARD,2.0,,
LAW,5.0,0 days 00:01:33.491000,HARD,2.0,0 days 01:05:06.760000,
OCO,1.0,0 days 00:01:31.068000,SOFT,1.0,,
OCO,2.0,0 days 00:01:24.048000,SOFT,1.0,,
OCO,3.0,0 days 00:01:22.965000,SOFT,1.0,,
OCO,4.0,0 days 00:01:23.270000,SOFT,1.0,,
OCO,5.0,0 days 00:01:22.908000,SOFT,1.0,,
OCO,6.0,0 days 00:01:26.077000,SOFT,1.0,,
OCO,7.0,0 days 00:01:23.834000,SOFT,1.0,,
OCO,8.0,0 days 00:01:23.671000,SOFT,1.0,,
OCO,9.0,0 days 00:01:23.591000,SOFT,1.0,,
OCO,10.0,0 days 00:01:23.680000,SOFT,1.0,,
OCO,11.0,0 days 00:01:23.857000,SOFT,1.0,,
OCO,12.0,0 days 00:01:23.864000,SOFT,1.0,,
OCO,13.0,0 days 00:01:24.301000,SOFT,1.0,,
OCO,14.0,0 days 00:01:23.676000,SOFT,1.0,,
OCO,15.0,0 days 00:01:23.527000,SOFT,1.0,,
OCO,16.0,0 days 00:01:24.247000,SOFT,1.0,,
OCO,17.0,0 days 00:01:23.847000,SOFT,1.0,,
OCO,18.0,0 days 00:01:23.963000,SOFT,1.0,,
OCO,19.0,0 days 00:01:23.745000,SOFT,1.0,,
OCO,20.0,0 days 00:01:23.939000,SOFT,1.0,,
OCO,21.0,0 days 00:01:23.387000,SOFT,1.0,,
OCO,22.0,0 days 00:01:23.874000,SOFT,1.0,,
OCO,23.0,0 days 00:01:23.708000,SOFT,1.0,,
OCO,24.0,0 days 00:01:23.777000,SOFT,1.0,,
OCO,25.0,0 days 00:01:23.890000,SOFT,1.0,,
OCO,26.0,0 days 00:01:24.011000,SOFT,1.0,,
OCO,27.0,0 days 00:01:27.287000,SOFT,1.0,0 days 01:34:58.834000,
OCO,28.0,0 days 00:01:41.652000,MEDIUM,2.0,,0 days 01:35:21.929000
OCO,29.0,0 days 00:01:22.251000,MEDIUM,2.0,,
OCO,30.0,0 days 00:01:22.425000,MEDIUM,2.0,,
OCO,31.0,0 days 00:01:22.613000,MEDIUM,2.0,,
OCO,32.0,0 days 00:01:22.377000,MEDIUM,2.0,,
OCO,33.0,0 days 00:01:22.469000,MEDIUM,2.0,,
OCO,34.0,0 days 00:01:23.363000,MEDIUM,2.0,,
OCO,35.0,0 days 00:01:25.052000,MEDIUM,2.0,,
OCO,36.0,0 days 00:01:23.018000,MEDIUM,2.0,,
OCO,37.0,0 days 00:01:22.733000,MEDIUM,2.0,,
OCO,38.0,0 days 00:01:22.664000,MEDIUM,2.0,,
OCO,39.0,0 days 00:01:22.458000,MEDIUM,2.0,,
OCO,40.0,0 days 00:01:22.539000,MEDIUM,2.0,,
OCO,41.0,0 days 00:01:22.349000,MEDIUM,2.0,,
OCO,42.0,0 days 00:01:22.381000,MEDIUM,2.0,,
OCO,43.0,0 days 00:01:22.461000,MEDIUM,2.0,,
OCO,44.0,0 days 00:01:22.125000,MEDIUM,2.0,,
OCO,45.0,0 days 00:01:22.141000,MEDIUM,2.0,,
OCO,46.0,0 days 00:01:22.127000,MEDIUM,2.0,,
OCO,47.0,0 days 00:01:22.336000,MEDIUM,2.0,,
OCO,48.0,0 days 00:01:22.115000,MEDIUM,2.0,,
OCO,49.0,0 days 00:01:26.620000,MEDIUM,2.0,,
OCO,50.0,0 days 00:01:23.666000,MEDIUM,2.0,,
OCO,51.0,0 days 00:01:22.513000,MEDIUM,2.0,,
OCO,52.0,0 days 00:01:22.128000,MEDIUM,2.0,,
OCO,53.0,0 days 00:01:22.189000,MEDIUM,2.0,,
OCO,54.0,0 days 00:01:22.304000,MEDIUM,2.0,,
OCO,55.0,0 days 00:01:22.393000,MEDIUM,2.0,,
OCO,56.0,0 days 00:01:22.375000,MEDIUM,2.0,,
OCO,57.0,0 days 00:01:22.166000,MEDIUM,2.0,,
OCO,58.0,0 days 00:01:22.048000,MEDIUM,2.0,,
OCO,59.0,0 days 00:01:22.132000,MEDIUM,2.0,,
OCO,60.0,0 days 00:01:22.250000,MEDIUM,2.0,,
OCO,61.0,0 days 00:01:22.659000,MEDIUM,2.0,,
OCO,62.0,0 days 00:01:22.709000,MEDIUM,2.0,,
OCO,63.0,0 days 00:01:22.689000,MEDIUM,2.0,,
OCO,64.0,0 days 00:01:22.680000,MEDIUM,2.0,,
OCO,65.0,0 days 00:01:21.869000,MEDIUM,2.0,,
OCO,66.0,0 days 00:01:22.213000,MEDIUM,2.0,,
OCO,67.0,0 days 00:01:22.316000,MEDIUM,2.0,,
OCO,68.0,0 days 00:01:22.110000,MEDIUM,2.0,,
OCO,69.0,0 days 00:01:23.869000,MEDIUM,2.0,,
OCO,70.0,0 days 00:01:47.816000,MEDIUM,2.0,,
OCO,71.0,0 days 00:01:22.663000,MEDIUM,2.0,,
NOR,1.0,0 days 00:01:24.735000,SOFT,1.0,,
NOR,2.0,0 days 00:01:23.146000,SOFT,1.0,,
NOR,3.0,0 days 00:01:22.588000,SOFT,1.0,,
NOR,4.0,0 days 00:01:22.450000,SOFT,1.0,,
NOR,5.0,0 days 00:01:22.404000,SOFT,1.0,,
NOR,6.0,0 days 00:01:22.508000,SOFT,1.0,,
NOR,7.0,0 days 00:01:22.560000,SOFT,1.0,,
NOR,8.0,0 days 00:01:22.382000,SOFT,1.0,,
NOR,9.0,0 days 00:01:22.337000,SOFT,1.0,,
NOR,10.0,0 days 00:01:22.397000,SOFT,1.0,,
NOR,11.0,0 days 00:01:22.449000,SOFT,1.0,,
NOR,12.0,0 days 00:01:22.418000,SOFT,1.0,,
NOR,13.0,0 days 00:01:22.217000,SOFT,1.0,,
NOR,14.0,0 days 00:01:22.136000,SOFT,1.0,,
NOR,15.0,0 days 00:01:22.076000,SOFT,1.0,,
NOR,16.0,0 days 00:01:22.129000,SOFT,1.0,,
NOR,17.0,0 days 00:01:22.276000,SOFT,1.0,,
NOR,18.0,0 days 00:01:22.644000,SOFT,1.0,,
NOR,19.0,0 days 00:01:22.405000,SOFT,1.0,,
NOR,20.0,0 days 00:01:22.306000,SOFT,1.0,,
NOR,21.0,0 days 00:01:22.237000,SOFT,1.0,,
NOR,22.0,0 days 00:01:22.372000,SOFT,1.0,,
NOR,23.0,0 days 00:01:22.713000,SOFT,1.0,,
NOR,24.0,0 days 00:01:22.599000,SOFT,1.0,,
NOR,25.0,0 days 00:01:22.658000,SOFT,1.0,,
NOR,26.0,0 days 00:01:22.813000,SOFT,1.0,,
NOR,27.0,0 days 00:01:22.952000,SOFT,1.0,,
NOR,28.0,0 days 00:01:22.762000,SOFT,1.0,,
NOR,29.0,0 days 00:01:22.705000,SOFT,1.0,,
NOR,30.0,0 days 00:01:22.793000,SOFT,1.0,,
NOR,31.0,0 days 00:01:23.121000,SOFT,1.0,,
NOR,32.0,0 days 00:01:23.228000,SOFT,1.0,,
NOR,33.0,0 days 00:01:23.304000,SOFT,1.0,,
NOR,34.0,0 days 00:01:26.035000,SOFT,1.0,0 days 01:43:57.572000,
NOR,35.0,0 days 00:01:41.386000,MEDIUM,2.0,,0 days 01:44:20.100000
NOR,36.0,0 days 00:01:22.205000,MEDIUM,2.0,,
NOR,37.0,0 days 00:01:21.999000,MEDIUM,2.0,,
NOR,38.0,0 days 00:01:20.864000,MEDIUM,2.0,,
NOR,39.0,0 days 00:01:21.588000,MEDIUM,2.0,,
NOR,40.0,0 days 00:01:21.523000,MEDIUM,2.0,,
NOR,41.0,0 days 00:01:21.694000,MEDIUM,2.0,,
NOR,42.0,0 days 00:01:21.487000,MEDIUM,2.0,,
NOR,43.0,0 days 00:01:21.531000,MEDIUM,2.0,,
NOR,44.0,0 days 00:01:21.553000,MEDIUM,2.0,,
NOR,45.0,0 days 00:01:20.764000,MEDIUM,2.0,,
NOR,46.0,0 days 00:01:21.260000,MEDIUM,2.0,,
NOR,47.0,0 days 00:01:21.248000,MEDIUM,2.0,,
NOR,48.0,0 days 00:01:21.568000,MEDIUM,2.0,,
NOR,49.0,0 days 00:01:21.182000,MEDIUM,2.0,,
NOR,50.0,0 days 00:01:21.448000,MEDIUM,2.0,,
NOR,51.0,0 days 00:01:21.380000,MEDIUM,2.0,,
NOR,52.0,0 days 00:01:21.096000,MEDIUM,2.0,,
NOR,53.0,0 days 00:01:21.264000,MEDIUM,2.0,,
NOR,54.0,0 days 00:01:21.294000,MEDIUM,2.0,,
NOR,55.0,0 days 00:01:21.613000,MEDIUM,2.0,,
NOR,56.0,0 days 00:01:21.690000,MEDIUM,2.0,,
NOR,57.0,0 days 00:01:21.383000,MEDIUM,2.0,,
NOR,58.0,0 days 00:01:21.781000,MEDIUM,2.0,,
NOR,59.0,0 days 00:01:21.515000,MEDIUM,2.0,,
NOR,60.0,0 days 00:01:21.588000,MEDIUM,2.0,,
NOR,61.0,0 days 00:01:21.786000,MEDIUM,2.0,,
NOR,62.0,0 days 00:01:21.714000,MEDIUM,2.0,,
NOR,63.0,0 days 00:01:21.861000,MEDIUM,2.0,,
NOR,64.0,0 days 00:01:22.062000,MEDIUM,2.0,,
NOR,65.0,0 days 00:01:22.150000,MEDIUM,2.0,,
NOR,66.0,0 days 00:01:21.311000,MEDIUM,2.0,,
NOR,67.0,0 days 00:01:21.600000,MEDIUM,2.0,,
NOR,68.0,0 days 00:01:21.507000,MEDIUM,2.0,,
NOR,69.0,0 days 00:01:21.620000,MEDIUM,2.0,,
NOR,70.0,0 days 00:01:29.224000,MEDIUM,2.0,,
NOR,71.0,0 days 00:01:42.980000,MEDIUM,2.0,,
COL,1.0,0 days 00:01:39.953000,HARD,1.0,,
COL,2.0,0 days 00:01:25.444000,HARD,1.0,,
COL,3.0,0 days 00:01:24.900000,HARD,1.0,,
COL,4.0,0 days 00:01:24.568000,HARD,1.0,,
COL,5.0,0 days 00:01:24.905000,HARD,1.0,,
COL,6.0,0 days 00:01:24.697000,HARD,1.0,,
COL,7.0,0 days 00:01:24.768000,HARD,1.0,,
COL,8.0,0 days 00:01:24.644000,HARD,1.0,,
COL,9.0,0 days 00:01:24.397000,HARD,1.0,,
COL,10.0,0 days 00:01:24.448000,HARD,1.0,,
COL,11.0,0 days 00:01:24.354000,HARD,1.0,,
COL,12.0,0 days 00:01:24.336000,HARD,1.0,,
COL,13.0,0 days 00:01:24.246000,HARD,1.0,,
COL,14.0,0 days 00:01:24.399000,HARD,1.0,,
COL,15.0,0 days 00:01:24.691000,HARD,1.0,,
COL,16.0,0 days 00:01:24.391000,HARD,1.0,,
COL,17.0,0 days 00:01:24.607000,HARD,1.0,,
COL,18.0,0 days 00:01:24.416000,HARD,1.0,,
COL,19.0,0 days 00:01:24.765000,HARD,1.0,,
COL,20.0,0 days 00:01:24.503000,HARD,1.0,,
COL,21.0,0 days 00:01:25.122000,HARD,1.0,,
COL,22.0,0 days 00:01:24.430000,HARD,1.0,,
COL,23.0,0 days 00:01:24.338000,HARD,1.0,,
COL,24.0,0 days 00:01:24.344000,HARD,1.0,,
COL,25.0,0 days 00:01:24.533000,HARD,1.0,,
COL,26.0,0 days 00:01:25.382000,HARD,1.0,,
COL,27.0,0 days 00:01:24.407000,HARD,1.0,,
COL,28.0,0 days 00:01:24.671000,HARD,1.0,,
COL,29.0,0 days 00:01:24.188000,HARD,1.0,,
COL,30.0,0 days 00:01:24.364000,HARD,1.0,,
COL,31.0,0 days 00:01:24.383000,HARD,1.0,,
COL,32.0,0 days 00:01:24.606000,HARD,1.0,,
COL,33.0,0 days 00:01:24.683000,HARD,1.0,,
COL,34.0,0 days 00:01:23.590000,HARD,1.0,,
COL,35.0,0 days 00:01:24.271000,HARD,1.0,,
COL,36.0,0 days 00:01:24.082000,HARD,1.0,,
COL,37.0,0 days 00:01:24.323000,HARD,1.0,,
COL,38.0,0 days 00:01:24.149000,HARD,1.0,,
COL,39.0,0 days 00:01:23.752000,HARD,1.0,,
COL,40.0,0 days 00:01:23.994000,HARD,1.0,,
COL,41.0,0 days 00:01:24.202000,HARD,1.0,,
COL,42.0,0 days 00:01:24.066000,HARD,1.0,,
COL,43.0,0 days 00:01:24.918000,HARD,1.0,,
COL,44.0,0 days 00:01:24.759000,HARD,1.0,,
COL,45.0,0 days 00:01:23.983000,HARD,1.0,,
COL,46.0,0 days 00:01:23.913000,HARD,1.0,,
COL,47.0,0 days 00:01:24.132000,HARD,1.0,,
COL,48.0,0 days 00:01:27.326000,HARD,1.0,0 days 02:04:57.095000,
COL,49.0,0 days 00:01:41.918000,SOFT,2.0,,0 days 02:05:19.906000
COL,50.0,0 days 00:01:21.342000,SOFT,2.0,,
COL,51.0,0 days 00:01:21.565000,SOFT,2.0,,
COL,52.0,0 days 00:01:21.650000,SOFT,2.0,,
COL,53.0,0 days 00:01:21.829000,SOFT,2.0,,
COL,54.0,0 days 00:01:21.746000,SOFT,2.0,,
COL,55.0,0 days 00:01:21.659000,SOFT,2.0,,
COL,56.0,0 days 00:01:21.919000,SOFT,2.0,,
COL,57.0,0 days 00:01:21.574000,SOFT,2.0,,
COL,58.0,0 days 00:01:21.824000,SOFT,2.0,,
COL,59.0,0 days 00:01:21.617000,SOFT,2.0,,
COL,60.0,0 days 00:01:21.757000,SOFT,2.0,,
COL,61.0,0 days 00:01:21.739000,SOFT,2.0,,
COL,62.0,0 days 00:01:21.792000,SOFT,2.0,,
COL,63.0,0 days 00:01:21.922000,SOFT,2.0,,
COL,64.0,0 days 00:01:21.682000,SOFT,2.0,,
COL,65.0,0 days 00:01:21.791000,SOFT,2.0,,
COL,66.0,0 days 00:01:22.180000,SOFT,2.0,,
COL,67.0,0 days 00:01:22.501000,SOFT,2.0,,
COL,68.0,0 days 00:01:25.460000,SOFT,2.0,,
COL,69.0,0 days 00:01:43.373000,SOFT,2.0,,
COL,70.0,0 days 00:01:27.767000,SOFT,2.0,,
HAM,1.0,0 days 00:01:27.187000,SOFT,1.0,,
HAM,2.0,0 days 00:01:23.366000,SOFT,1.0,,
HAM,3.0,0 days 00:01:22.793000,SOFT,1.0,,
HAM,4.0,0 days 00:01:22.546000,SOFT,1.0,,
HAM,5.0,0 days 00:01:22.781000,SOFT,1.0,,
HAM,6.0,0 days 00:01:25.860000,SOFT,1.0,,
HAM,7.0,0 days 00:01:23.138000,SOFT,1.0,,
HAM,8.0,0 days 00:01:22.672000,SOFT,1.0,,
HAM,9.0,0 days 00:01:22.820000,SOFT,1.0,,
HAM,10.0,0 days 00:01:22.642000,SOFT,1.0,,
HAM,11.0,0 days 00:01:23.227000,SOFT,1.0,,
HAM,12.0,0 days 00:01:22.549000,SOFT,1.0,,
HAM,13.0,0 days 00:01:22.691000,SOFT,1.0,,
HAM,14.0,0 days 00:01:22.549000,SOFT,1.0,,
HAM,15.0,0 days 00:01:22.776000,SOFT,1.0,,
HAM,16.0,0 days 00:01:23.110000,SOFT,1.0,,
HAM,17.0,0 days 00:01:23.022000,SOFT,1.0,,
HAM,18.0,0 days 00:01:23.934000,SOFT,1.0,,
HAM,19.0,0 days 00:01:23.161000,SOFT,1.0,,
HAM,20.0,0 days 00:01:23.680000,SOFT,1.0,,
HAM,21.0,0 days 00:01:23.135000,SOFT,1.0,,
HAM,22.0,0 days 00:01:23.373000,SOFT,1.0,,
HAM,23.0,0 days 00:01:28.985000,SOFT,1.0,0 days 01:29:06.780000,
HAM,24.0,0 days 00:01:51.914000,MEDIUM,2.0,,0 days 01:29:40.174000
HAM,25.0,0 days 00:01:21.961000,MEDIUM,2.0,,
HAM,26.0,0 days 00:01:23.645000,MEDIUM,2.0,,
HAM,27.0,0 days 00:01:21.896000,MEDIUM,2.0,,
HAM,28.0,0 days 00:01:21.711000,MEDIUM,2.0,,
HAM,29.0,0 days 00:01:22.380000,MEDIUM,2.0,,
HAM,30.0,0 days 00:01:22.134000,MEDIUM,2.0,,
HAM,31.0,0 days 00:01:21.994000,MEDIUM,2.0,,
HAM,32.0,0 days 00:01:22.267000,MEDIUM,2.0,,
HAM,33.0,0 days 00:01:21.999000,MEDIUM,2.0,,
HAM,34.0,0 days 00:01:23.203000,MEDIUM,2.0,,
HAM,35.0,0 days 00:01:23.018000,MEDIUM,2.0,,
HAM,36.0,0 days 00:01:22.488000,MEDIUM,2.0,,
HAM,37.0,0 days 00:01:22.300000,MEDIUM,2.0,,
HAM,38.0,0 days 00:01:22.703000,MEDIUM,2.0,,
HAM,39.0,0 days 00:01:22.447000,MEDIUM,2.0,,
HAM,40.0,0 days 00:01:22.253000,MEDIUM,2.0,,
HAM,41.0,0 days 00:01:22.459000,MEDIUM,2.0,,
HAM,42.0,0 days 00:01:22.288000,MEDIUM,2.0,,
HAM,43.0,0 days 00:01:22.132000,MEDIUM,2.0,,
HAM,44.0,0 days 00:01:22.179000,MEDIUM,2.0,,
HAM,45.0,0 days 00:01:22.350000,MEDIUM,2.0,,
HAM,46.0,0 days 00:01:22.363000,MEDIUM,2.0,,
HAM,47.0,0 days 00:01:26.636000,MEDIUM,2.0,0 days 02:02:37.399000,
HAM,48.0,0 days 00:01:41.158000,SOFT,3.0,,0 days 02:03:00.797000
HAM,49.0,0 days 00:01:20.726000,SOFT,3.0,,
HAM,50.0,0 days 00:01:20.601000,SOFT,3.0,,
HAM,51.0,0 days 00:01:20.930000,SOFT,3.0,,
HAM,52.0,0 days 00:01:20.813000,SOFT,3.0,,
HAM,53.0,0 days 00:01:20.941000,SOFT,3.0,,
HAM,54.0,0 days 00:01:21.071000,SOFT,3.0,,
HAM,55.0,0 days 00:01:21.315000,SOFT,3.0,,
HAM,56.0,0 days 00:01:22.144000,SOFT,3.0,,
HAM,57.0,0 days 00:01:21.075000,SOFT,3.0,,
HAM,58.0,0 days 00:01:21.045000,SOFT,3.0,,
HAM,59.0,0 days 00:01:21.067000,SOFT,3.0,,
HAM,60.0,0 days 00:01:21.426000,SOFT,3.0,,
HAM,61.0,0 days 00:01:21.042000,SOFT,3.0,,
HAM,62.0,0 days 00:01:23.139000,SOFT,3.0,,
HAM,63.0,0 days 00:01:21.637000,SOFT,3.0,,
HAM,64.0,0 days 00:01:22.106000,SOFT,3.0,,
HAM,65.0,0 days 00:01:21.873000,SOFT,3.0,,
HAM,66.0,0 days 00:01:21.500000,SOFT,3.0,,
HAM,67.0,0 days 00:01:21.835000,SOFT,3.0,,
HAM,68.0,0 days 00:01:21.453000,SOFT,3.0,,
HAM,69.0,0 days 00:01:22.002000,SOFT,3.0,,
HAM,70.0,0 days 00:01:44.587000,SOFT,3.0,,
HAM,71.0,0 days 00:01:26.817000,SOFT,3.0,,
BOR,1.0,0 days 00:01:32.601000,MEDIUM,1.0,,
BOR,2.0,0 days 00:01:24.590000,MEDIUM,1.0,,
BOR,3.0,0 days 00:01:24.117000,MEDIUM,1.0,,
BOR,4.0,0 days 00:01:23.455000,MEDIUM,1.0,,
BOR,5.0,0 days 00:01:23.231000,MEDIUM,1.0,,
BOR,6.0,0 days 00:01:24.252000,MEDIUM,1.0,,
BOR,7.0,0 days 00:01:24.218000,MEDIUM,1.0,,
BOR,8.0,0 days 00:01:24.142000,MEDIUM,1.0,,
BOR,9.0,0 days 00:01:23.616000,MEDIUM,1.0,,
BOR,10.0,0 days 00:01:24.003000,MEDIUM,1.0,,
BOR,11.0,0 days 00:01:23.966000,MEDIUM,1.0,,
BOR,12.0,0 days 00:01:23.606000,MEDIUM,1.0,,
BOR,13.0,0 days 00:01:23.988000,MEDIUM,1.0,,
BOR,14.0,0 days 00:01:24.120000,MEDIUM,1.0,,
BOR,15.0,0 days 00:01:23.840000,MEDIUM,1.0,,
BOR,16.0,0 days 00:01:23.877000,MEDIUM,1.0,,
BOR,17.0,0 days 00:01:23.730000,MEDIUM,1.0,,
BOR,18.0,0 days 00:01:24.329000,MEDIUM,1.0,,
BOR,19.0,0 days 00:01:24.184000,MEDIUM,1.0,,
BOR,20.0,0 days 00:01:24.085000,MEDIUM,1.0,,
BOR,21.0,0 days 00:01:24.072000,MEDIUM,1.0,,
BOR,22.0,0 days 00:01:23.668000,MEDIUM,1.0,,
BOR,23.0,0 days 00:01:23.707000,MEDIUM,1.0,,
BOR,24.0,0 days 00:01:24.065000,MEDIUM,1.0,,
BOR,25.0,0 days 00:01:24.063000,MEDIUM,1.0,,
BOR,26.0,0 days 00:01:25.412000,MEDIUM,1.0,,
BOR,27.0,0 days 00:01:23.931000,MEDIUM,1.0,,
BOR,28.0,0 days 00:01:24.247000,MEDIUM,1.0,,
BOR,29.0,0 days 00:01:23.949000,MEDIUM,1.0,,
BOR,30.0,0 days 00:01:24.328000,MEDIUM,1.0,,
BOR,31.0,0 days 00:01:23.870000,MEDIUM,1.0,,
BOR,32.0,0 days 00:01:24.026000,MEDIUM,1.0,,
BOR,33.0,0 days 00:01:23.679000,MEDIUM,1.0,,
BOR,34.0,0 days 00:01:24.079000,MEDIUM,1.0,,
BOR,35.0,0 days 00:01:23.329000,MEDIUM,1.0,,
BOR,36.0,0 days 00:01:25.154000,MEDIUM,1.0,,
BOR,37.0,0 days 00:01:26.807000,MEDIUM,1.0,0 days 01:49:05.145000,
BOR,38.0,0 days 00:01:39.563000,SOFT,2.0,,0 days 01:49:27.433000
BOR,39.0,0 days 00:01:21.121000,SOFT,2.0,,
BOR,40.0,0 days 00:01:21.407000,SOFT,2.0,,
BOR,41.0,0 days 00:01:21.452000,SOFT,2.0,,
BOR,42.0,0 days 00:01:21.471000,SOFT,2.0,,
BOR,43.0,0 days 00:01:21.454000,SOFT,2.0,,
BOR,44.0,0 days 00:01:21.359000,SOFT,2.0,,
BOR,45.0,0 days 00:01:21.491000,SOFT,2.0,,
BOR,46.0,0 days 00:01:22.057000,SOFT,2.0,,
BOR,47.0,0 days 00:01:21.829000,SOFT,2.0,,
BOR,48.0,0 days 00:01:22.593000,SOFT,2.0,,
BOR,49.0,0 days 00:01:23.880000,SOFT,2.0,,
BOR,50.0,0 days 00:01:22.154000,SOFT,2.0,,
BOR,51.0,0 days 00:01:22.037000,SOFT,2.0,,
BOR,52.0,0 days 00:01:22.083000,SOFT,2.0,,
BOR,53.0,0 days 00:01:22.212000,SOFT,2.0,,
BOR,54.0,0 days 00:01:21.939000,SOFT,2.0,,
BOR,55.0,0 days 00:01:22.732000,SOFT,2.0,,
BOR,56.0,0 days 00:01:22.357000,SOFT,2.0,,
BOR,57.0,0 days 00:01:22.127000,SOFT,2.0,,
BOR,58.0,0 days 00:01:22.006000,SOFT,2.0,,
BOR,59.0,0 days 00:01:22.148000,SOFT,2.0,,
BOR,60.0,0 days 00:01:22.693000,SOFT,2.0,,
BOR,61.0,0 days 00:01:22.344000,SOFT,2.0,,
BOR,62.0,0 days 00:01:23.326000,SOFT,2.0,,
BOR,63.0,0 days 00:01:22.469000,SOFT,2.0,,
BOR,64.0,0 days 00:01:22.004000,SOFT,2.0,,
BOR,65.0,0 days 00:01:21.619000,SOFT,2.0,,
BOR,66.0,0 days 00:01:21.888000,SOFT,2.0,,
BOR,67.0,0 days 00:01:21.921000,SOFT,2.0,,
BOR,68.0,0 days 00:01:22.034000,SOFT,2.0,,
BOR,69.0,0 days 00:01:24.679000,SOFT,2.0,,
BOR,70.0,0 days 00:01:46.312000,SOFT,2.0,,
BOR,71.0,0 days 00:01:22.340000,SOFT,2.0,,
SAI,1.0,0 days 00:01:32.118000,MEDIUM,1.0,,
SAI,2.0,0 days 00:01:24.285000,MEDIUM,1.0,,
SAI,3.0,0 days 00:01:23.406000,MEDIUM,1.0,,
SAI,4.0,0 days 00:01:23.322000,MEDIUM,1.0,,
SAI,5.0,0 days 00:01:23.372000,MEDIUM,1.0,,
SAI,6.0,0 days 00:01:24.663000,MEDIUM,1.0,,
SAI,7.0,0 days 00:01:24.491000,MEDIUM,1.0,,
SAI,8.0,0 days 00:01:24.488000,MEDIUM,1.0,,
SAI,9.0,0 days 00:01:24.993000,MEDIUM,1.0,,
SAI,10.0,0 days 00:01:23.855000,MEDIUM,1.0,,
SAI,11.0,0 days 00:01:24.336000,MEDIUM,1.0,,
SAI,12.0,0 days 00:01:24.222000,MEDIUM,1.0,,
SAI,13.0,0 days 00:01:24.027000,MEDIUM,1.0,,
SAI,14.0,0 days 00:01:24.085000,MEDIUM,1.0,,
SAI,15.0,0 days 00:01:24.097000,MEDIUM,1.0,,
SAI,16.0,0 days 00:01:24.149000,MEDIUM,1.0,,
SAI,17.0,0 days 00:01:27.173000,MEDIUM,1.0,0 days 01:21:05.899000,
SAI,18.0,0 days 00:01:42.516000,SOFT,2.0,,0 days 01:21:28.416000
SAI,19.0,0 days 00:01:21.690000,SOFT,2.0,,
SAI,20.0,0 days 00:01:22.580000,SOFT,2.0,,
SAI,21.0,0 days 00:01:21.821000,SOFT,2.0,,
SAI,22.0,0 days 00:01:22.713000,SOFT,2.0,,
SAI,23.0,0 days 00:01:22.262000,SOFT,2.0,,
SAI,24.0,0 days 00:01:22.603000,SOFT,2.0,,
SAI,25.0,0 days 00:01:22.295000,SOFT,2.0,,
SAI,26.0,0 days 00:01:22.913000,SOFT,2.0,,
SAI,27.0,0 days 00:01:22.733000,SOFT,2.0,,
SAI,28.0,0 days 00:01:23.053000,SOFT,2.0,,
SAI,29.0,0 days 00:01:22.569000,SOFT,2.0,,
SAI,30.0,0 days 00:01:22.893000,SOFT,2.0,,
SAI,31.0,0 days 00:01:22.875000,SOFT,2.0,,
SAI,32.0,0 days 00:01:22.622000,SOFT,2.0,,
SAI,33.0,0 days 00:01:22.679000,SOFT,2.0,,
SAI,34.0,0 days 00:01:23.752000,SOFT,2.0,,
SAI,35.0,0 days 00:01:23.360000,SOFT,2.0,,
SAI,36.0,0 days 00:01:22.873000,SOFT,2.0,,
SAI,37.0,0 days 00:01:22.830000,SOFT,2.0,,
SAI,38.0,0 days 00:01:23.162000,SOFT,2.0,,
SAI,39.0,0 days 00:01:22.869000,SOFT,2.0,,
SAI,40.0,0 days 00:01:22.796000,SOFT,2.0,,
SAI,41.0,0 days 00:01:22.907000,SOFT,2.0,,
SAI,42.0,0 days 00:01:22.412000,SOFT,2.0,,
SAI,43.0,0 days 00:01:22.186000,SOFT,2.0,,
SAI,44.0,0 days 00:01:21.960000,SOFT,2.0,,
SAI,45.0,0 days 00:01:22.711000,SOFT,2.0,,
SAI,46.0,0 days 00:01:26.002000,SOFT,2.0,0 days 02:01:26.279000,
SAI,47.0,0 days 00:01:47.799000,SOFT,3.0,,0 days 02:01:56.702000
SAI,48.0,0 days 00:01:20.098000,SOFT,3.0,,
SAI,49.0,0 days 00:01:20.851000,SOFT,3.0,,
SAI,50.0,0 days 00:01:21.630000,SOFT,3.0,,
SAI,51.0,0 days 00:01:21.150000,SOFT,3.0,,
SAI,52.0,0 days 00:01:20.911000,SOFT,3.0,,
SAI,53.0,0 days 00:01:20.984000,SOFT,3.0,,
SAI,54.0,0 days 00:01:20.950000,SOFT,3.0,,
SAI,55.0,0 days 00:01:21.337000,SOFT,3.0,,
SAI,56.0,0 days 00:01:25.116000,SOFT,3.0,0 days 02:15:27.048000,
SAI,57.0,0 days 00:01:36.053000,SOFT,4.0,,0 days 02:15:44.933000
SAI,58.0,0 days 00:01:21.243000,SOFT,4.0,,
SAI,59.0,0 days 00:01:21.145000,SOFT,4.0,,
SAI,60.0,0 days 00:01:21.576000,SOFT,4.0,,
SAI,61.0,0 days 00:01:21.518000,SOFT,4.0,,
SAI,62.0,0 days 00:01:21.633000,SOFT,4.0,,
SAI,63.0,0 days 00:01:21.436000,SOFT,4.0,,
SAI,64.0,0 days 00:01:21.596000,SOFT,4.0,,
SAI,65.0,0 days 00:01:21.578000,SOFT,4.0,,
SAI,66.0,0 days 00:01:22.169000,SOFT,4.0,,
SAI,67.0,0 days 00:01:21.640000,SOFT,4.0,,
SAI,68.0,,SOFT,4.0,,
HAD,1.0,0 days 00:01:31.619000,MEDIUM,1.0,,
HAD,2.0,0 days 00:01:24.042000,MEDIUM,1.0,,
HAD,3.0,0 days 00:01:23.153000,MEDIUM,1.0,,
HAD,4.0,0 days 00:01:23.180000,MEDIUM,1.0,,
HAD,5.0,0 days 00:01:22.974000,MEDIUM,1.0,,
HAD,6.0,0 days 00:01:25.743000,MEDIUM,1.0,,
HAD,7.0,0 days 00:01:24.215000,MEDIUM,1.0,,
HAD,8.0,0 days 00:01:23.702000,MEDIUM,1.0,,
HAD,9.0,0 days 00:01:23.842000,MEDIUM,1.0,,
HAD,10.0,0 days 00:01:24.184000,MEDIUM,1.0,,
HAD,11.0,0 days 00:01:24.006000,MEDIUM,1.0,,
HAD,12.0,0 days 00:01:23.843000,MEDIUM,1.0,,
HAD,13.0,0 days 00:01:24.075000,MEDIUM,1.0,,
HAD,14.0,0 days 00:01:24.058000,MEDIUM,1.0,,
HAD,15.0,0 days 00:01:24.081000,MEDIUM,1.0,,
HAD,16.0,0 days 00:01:24.004000,MEDIUM,1.0,,
HAD,17.0,0 days 00:01:23.781000,MEDIUM,1.0,,
HAD,18.0,0 days 00:01:23.932000,MEDIUM,1.0,,
HAD,19.0,0 days 00:01:23.838000,MEDIUM,1.0,,
HAD,20.0,0 days 00:01:23.941000,MEDIUM,1.0,,
HAD,21.0,0 days 00:01:23.656000,MEDIUM,1.0,,
HAD,22.0,0 days 00:01:23.654000,MEDIUM,1.0,,
HAD,23.0,0 days 00:01:23.710000,MEDIUM,1.0,,
HAD,24.0,0 days 00:01:23.849000,MEDIUM,1.0,,
HAD,25.0,0 days 00:01:23.877000,MEDIUM,1.0,,
HAD,26.0,0 days 00:01:24.026000,MEDIUM,1.0,,
HAD,27.0,0 days 00:01:24.115000,MEDIUM,1.0,,
HAD,28.0,0 days 00:01:24.890000,MEDIUM,1.0,,
HAD,29.0,0 days 00:01:24.850000,MEDIUM,1.0,,
HAD,30.0,0 days 00:01:24.321000,MEDIUM,1.0,,
HAD,31.0,0 days 00:01:24.621000,MEDIUM,1.0,,
HAD,32.0,0 days 00:01:24.087000,MEDIUM,1.0,,
HAD,33.0,0 days 00:01:23.911000,MEDIUM,1.0,,
HAD,34.0,0 days 00:01:27.423000,MEDIUM,1.0,0 days 01:44:51.921000,
HAD,35.0,0 days 00:01:40.734000,SOFT,2.0,,0 days 01:45:14.214000
HAD,36.0,0 days 00:01:21.716000,SOFT,2.0,,
HAD,37.0,0 days 00:01:21.905000,SOFT,2.0,,
HAD,38.0,0 days 00:01:22.137000,SOFT,2.0,,
HAD,39.0,0 days 00:01:22.229000,SOFT,2.0,,
HAD,40.0,0 days 00:01:22.155000,SOFT,2.0,,
HAD,41.0,0 days 00:01:22.692000,SOFT,2.0,,
HAD,42.0,0 days 00:01:22.015000,SOFT,2.0,,
HAD,43.0,0 days 00:01:21.790000,SOFT,2.0,,
HAD,44.0,0 days 00:01:21.714000,SOFT,2.0,,
HAD,45.0,0 days 00:01:22.119000,SOFT,2.0,,
HAD,46.0,0 days 00:01:21.954000,SOFT,2.0,,
HAD,47.0,0 days 00:01:22.013000,SOFT,2.0,,
HAD,48.0,0 days 00:01:22.977000,SOFT,2.0,,
HAD,49.0,0 days 00:01:23.056000,SOFT,2.0,,
HAD,50.0,0 days 00:01:22.556000,SOFT,2.0,,
HAD,51.0,0 days 00:01:22.162000,SOFT,2.0,,
HAD,52.0,0 days 00:01:22.053000,SOFT,2.0,,
HAD,53.0,0 days 00:01:22.180000,SOFT,2.0,,
HAD,54.0,0 days 00:01:22.298000,SOFT,2.0,,
HAD,55.0,0 days 00:01:22.631000,SOFT,2.0,,
HAD,56.0,0 days 00:01:22.211000,SOFT,2.0,,
HAD,57.0,0 days 00:01:22.120000,SOFT,2.0,,
HAD,58.0,0 days 00:01:22.035000,SOFT,2.0,,
HAD,59.0,0 days 00:01:22.062000,SOFT,2.0,,
HAD,60.0,0 days 00:01:22.853000,SOFT,2.0,,
HAD,61.0,0 days 00:01:22.599000,SOFT,2.0,,
HAD,62.0,0 days 00:01:25.340000,SOFT,2.0,,
HAD,63.0,0 days 00:01:24.914000,SOFT,2.0,,
HAD,64.0,0 days 00:01:25.763000,SOFT,2.0,,
HAD,65.0,0 days 00:01:22.217000,SOFT,2.0,,
HAD,66.0,0 days 00:01:22.666000,SOFT,2.0,,
HAD,67.0,0 days 00:01:22.439000,SOFT,2.0,,
HAD,68.0,0 days 00:01:22.120000,SOFT,2.0,,
HAD,69.0,0 days 00:01:29.624000,SOFT,2.0,,
HAD,70.0,0 days 00:01:43.978000,SOFT,2.0,,
RUS,1.0,0 days 00:01:28.429000,SOFT,1.0,,
RUS,2.0,0 days 00:01:23.407000,SOFT,1.0,,
RUS,3.0,0 days 00:01:22.933000,SOFT,1.0,,
RUS,4.0,0 days 00:01:22.822000,SOFT,1.0,,
RUS,5.0,0 days 00:01:22.622000,SOFT,1.0,,
RUS,6.0,0 days 00:01:28.589000,SOFT,1.0,,
RUS,7.0,0 days 00:01:23.226000,SOFT,1.0,,
RUS,8.0,0 days 00:01:23.227000,SOFT,1.0,,
RUS,9.0,0 days 00:01:23.175000,SOFT,1.0,,
RUS,10.0,0 days 00:01:23.486000,SOFT,1.0,,
RUS,11.0,0 days 00:01:23.433000,SOFT,1.0,,
RUS,12.0,0 days 00:01:22.901000,SOFT,1.0,,
RUS,13.0,0 days 00:01:23.117000,SOFT,1.0,,
RUS,14.0,0 days 00:01:23.297000,SOFT,1.0,,
RUS,15.0,0 days 00:01:23.373000,SOFT,1.0,,
RUS,16.0,0 days 00:01:23.435000,SOFT,1.0,,
RUS,17.0,0 days 00:01:23.352000,SOFT,1.0,,
RUS,18.0,0 days 00:01:23.341000,SOFT,1.0,,
RUS,19.0,0 days 00:01:23.705000,SOFT,1.0,,
RUS,20.0,0 days 00:01:23.422000,SOFT,1.0,,
RUS,21.0,0 days 00:01:23.269000,SOFT,1.0,,
RUS,22.0,0 days 00:01:23.539000,SOFT,1.0,,
RUS,23.0,0 days 00:01:23.132000,SOFT,1.0,,
RUS,24.0,0 days 00:01:23.333000,SOFT,1.0,,
RUS,25.0,0 days 00:01:26.420000,SOFT,1.0,0 days 01:31:59.773000,
RUS,26.0,0 days 00:01:40.918000,MEDIUM,2.0,,0 days 01:32:22.191000
RUS,27.0,0 days 00:01:21.342000,MEDIUM,2.0,,
RUS,28.0,0 days 00:01:21.516000,MEDIUM,2.0,,
RUS,29.0,0 days 00:01:22.278000,MEDIUM,2.0,,
RUS,30.0,0 days 00:01:22.419000,MEDIUM,2.0,,
RUS,31.0,0 days 00:01:22.122000,MEDIUM,2.0,,
RUS,32.0,0 days 00:01:22.401000,MEDIUM,2.0,,
RUS,33.0,0 days 00:01:22.029000,MEDIUM,2.0,,
RUS,34.0,0 days 00:01:22.245000,MEDIUM,2.0,,
RUS,35.0,0 days 00:01:22.677000,MEDIUM,2.0,,
RUS,36.0,0 days 00:01:22.815000,MEDIUM,2.0,,
RUS,37.0,0 days 00:01:22.297000,MEDIUM,2.0,,
RUS,38.0,0 days 00:01:22.756000,MEDIUM,2.0,,
RUS,39.0,0 days 00:01:22.381000,MEDIUM,2.0,,
RUS,40.0,0 days 00:01:22.342000,MEDIUM,2.0,,
RUS,41.0,0 days 00:01:22.148000,MEDIUM,2.0,,
RUS,42.0,0 days 00:01:22.409000,MEDIUM,2.0,,
RUS,43.0,0 days 00:01:22.250000,MEDIUM,2.0,,
RUS,44.0,0 days 00:01:22.191000,MEDIUM,2.0,,
RUS,45.0,0 days 00:01:22.385000,MEDIUM,2.0,,
RUS,46.0,0 days 00:01:22.438000,MEDIUM,2.0,,
RUS,47.0,0 days 00:01:22.256000,MEDIUM,2.0,,
RUS,48.0,0 days 00:01:25.208000,MEDIUM,2.0,0 days 02:03:53.585000,
RUS,49.0,0 days 00:01:39.808000,SOFT,3.0,,0 days 02:04:16.038000
RUS,50.0,0 days 00:01:20.052000,SOFT,3.0,,
RUS,51.0,0 days 00:01:20.377000,SOFT,3.0,,
RUS,52.0,0 days 00:01:20.624000,SOFT,3.0,,
RUS,53.0,0 days 00:01:21.183000,SOFT,3.0,,
RUS,54.0,0 days 00:01:21.228000,SOFT,3.0,,
RUS,55.0,0 days 00:01:21.289000,SOFT,3.0,,
RUS,56.0,0 days 00:01:21.110000,SOFT,3.0,,
RUS,57.0,0 days 00:01:21.087000,SOFT,3.0,,
RUS,58.0,0 days 00:01:20.950000,SOFT,3.0,,
RUS,59.0,0 days 00:01:21.542000,SOFT,3.0,,
RUS,60.0,0 days 00:01:23.737000,SOFT,3.0,,
RUS,61.0,0 days 00:01:21.828000,SOFT,3.0,,
RUS,62.0,0 days 00:01:23.243000,SOFT,3.0,,
RUS,63.0,0 days 00:01:21.832000,SOFT,3.0,,
RUS,64.0,0 days 00:01:21.660000,SOFT,3.0,,
RUS,65.0,0 days 00:01:21.378000,SOFT,3.0,,
RUS,66.0,0 days 00:01:21.445000,SOFT,3.0,,
RUS,67.0,0 days 00:01:21.638000,SOFT,3.0,,
RUS,68.0,0 days 00:01:21.333000,SOFT,3.0,,
RUS,69.0,0 days 00:01:22.517000,SOFT,3.0,,
RUS,70.0,0 days 00:01:42.554000,SOFT,3.0,,
RUS,71.0,0 days 00:01:27.638000,SOFT,3.0,,
PIA,1.0,0 days 00:01:30.649000,SOFT,1.0,,
PIA,2.0,0 days 00:01:23.903000,SOFT,1.0,,
PIA,3.0,0 days 00:01:22.909000,SOFT,1.0,,
PIA,4.0,0 days 00:01:23.219000,SOFT,1.0,,
PIA,5.0,0 days 00:01:22.892000,SOFT,1.0,,
PIA,6.0,0 days 00:01:26.331000,SOFT,1.0,,
PIA,7.0,0 days 00:01:23.598000,SOFT,1.0,,
PIA,8.0,0 days 00:01:23.549000,SOFT,1.0,,
PIA,9.0,0 days 00:01:23.578000,SOFT,1.0,,
PIA,10.0,0 days 00:01:23.409000,SOFT,1.0,,
PIA,11.0,0 days 00:01:23.056000,SOFT,1.0,,
PIA,12.0,0 days 00:01:23.277000,SOFT,1.0,,
PIA,13.0,0 days 00:01:23.048000,SOFT,1.0,,
PIA,14.0,0 days 00:01:22.898000,SOFT,1.0,,
PIA,15.0,0 days 00:01:23.198000,SOFT,1.0,,
PIA,16.0,0 days 00:01:23.013000,SOFT,1.0,,
PIA,17.0,0 days 00:01:22.999000,SOFT,1.0,,
PIA,18.0,0 days 00:01:23.300000,SOFT,1.0,,
PIA,19.0,0 days 00:01:23.790000,SOFT,1.0,,
PIA,20.0,0 days 00:01:23.420000,SOFT,1.0,,
PIA,21.0,0 days 00:01:23.254000,SOFT,1.0,,
PIA,22.0,0 days 00:01:23.661000,SOFT,1.0,,
PIA,23.0,0 days 00:01:23.502000,SOFT,1.0,,
PIA,24.0,0 days 00:01:26.653000,SOFT,1.0,0 days 01:30:37.871000,
PIA,25.0,0 days 00:01:41.575000,MEDIUM,2.0,,0 days 01:31:01.062000
PIA,26.0,0 days 00:01:22.499000,MEDIUM,2.0,,
PIA,27.0,0 days 00:01:21.767000,MEDIUM,2.0,,
PIA,28.0,0 days 00:01:22.598000,MEDIUM,2.0,,
PIA,29.0,0 days 00:01:21.616000,MEDIUM,2.0,,
PIA,30.0,0 days 00:01:21.699000,MEDIUM,2.0,,
PIA,31.0,0 days 00:01:21.866000,MEDIUM,2.0,,
PIA,32.0,0 days 00:01:21.964000,MEDIUM,2.0,,
PIA,33.0,0 days 00:01:23.793000,MEDIUM,2.0,,
PIA,34.0,0 days 00:01:21.533000,MEDIUM,2.0,,
PIA,35.0,0 days 00:01:22.175000,MEDIUM,2.0,,
PIA,36.0,0 days 00:01:22.202000,MEDIUM,2.0,,
PIA,37.0,0 days 00:01:22.379000,MEDIUM,2.0,,
PIA,38.0,0 days 00:01:22.448000,MEDIUM,2.0,,
PIA,39.0,0 days 00:01:22.664000,MEDIUM,2.0,,
PIA,40.0,0 days 00:01:22.213000,MEDIUM,2.0,,
PIA,41.0,0 days 00:01:23.173000,MEDIUM,2.0,,
PIA,42.0,0 days 00:01:22.329000,MEDIUM,2.0,,
PIA,43.0,0 days 00:01:22.351000,MEDIUM,2.0,,
PIA,44.0,0 days 00:01:22.293000,MEDIUM,2.0,,
PIA,45.0,0 days 00:01:22.419000,MEDIUM,2.0,,
PIA,46.0,0 days 00:01:22.544000,MEDIUM,2.0,,
PIA,47.0,0 days 00:01:26.262000,MEDIUM,2.0,0 days 02:02:34.296000,
PIA,48.0,0 days 00:01:39.444000,SOFT,3.0,,0 days 02:02:56.501000
PIA,49.0,0 days 00:01:22.614000,SOFT,3.0,,
PIA,50.0,0 days 00:01:20.621000,SOFT,3.0,,
PIA,51.0,0 days 00:01:20.466000,SOFT,3.0,,
PIA,52.0,0 days 00:01:20.507000,SOFT,3.0,,
PIA,53.0,0 days 00:01:20.422000,SOFT,3.0,,
PIA,54.0,0 days 00:01:20.466000,SOFT,3.0,,
PIA,55.0,0 days 00:01:20.665000,SOFT,3.0,,
PIA,56.0,0 days 00:01:20.729000,SOFT,3.0,,
PIA,57.0,0 days 00:01:21.063000,SOFT,3.0,,
PIA,58.0,0 days 00:01:20.773000,SOFT,3.0,,
PIA,59.0,0 days 00:01:21.452000,SOFT,3.0,,
PIA,60.0,0 days 00:01:21.712000,SOFT,3.0,,
PIA,61.0,0 days 00:01:21.474000,SOFT,3.0,,
PIA,62.0,0 days 00:01:20.660000,SOFT,3.0,,
PIA,63.0,0 days 00:01:20.788000,SOFT,3.0,,
PIA,64.0,0 days 00:01:20.780000,SOFT,3.0,,
PIA,65.0,0 days 00:01:20.971000,SOFT,3.0,,
PIA,66.0,0 days 00:01:20.887000,SOFT,3.0,,
PIA,67.0,0 days 00:01:21.261000,SOFT,3.0,,
PIA,68.0,0 days 00:01:21.154000,SOFT,3.0,,
PIA,69.0,0 days 00:01:22.881000,SOFT,3.0,,
PIA,70.0,0 days 00:01:38.993000,SOFT,3.0,,
PIA,71.0,0 days 00:01:30.388000,SOFT,3.0,,
BEA,1.0,0 days 00:01:28.984000,SOFT,1.0,,
BEA,2.0,0 days 00:01:23.597000,SOFT,1.0,,
BEA,3.0,0 days 00:01:22.921000,SOFT,1.0,,
BEA,4.0,0 days 00:01:23.010000,SOFT,1.0,,
BEA,5.0,0 days 00:01:22.696000,SOFT,1.0,,
BEA,6.0,0 days 00:01:25.563000,SOFT,1.0,,
BEA,7.0,0 days 00:01:23.003000,SOFT,1.0,,
BEA,8.0,0 days 00:01:22.990000,SOFT,1.0,,
BEA,9.0,0 days 00:01:22.935000,SOFT,1.0,,
BEA,10.0,0 days 00:01:23.046000,SOFT,1.0,,
BEA,11.0,0 days 00:01:23.213000,SOFT,1.0,,
BEA,12.0,0 days 00:01:23.119000,SOFT,1.0,,
BEA,13.0,0 days 00:01:23.022000,SOFT,1.0,,
BEA,14.0,0 days 00:01:22.854000,SOFT,1.0,,
BEA,15.0,0 days 00:01:22.900000,SOFT,1.0,,
BEA,16.0,0 days 00:01:23.304000,SOFT,1.0,,
BEA,17.0,0 days 00:01:23.269000,SOFT,1.0,,
BEA,18.0,0 days 00:01:23.504000,SOFT,1.0,,
BEA,19.0,0 days 00:01:23.211000,SOFT,1.0,,
BEA,20.0,0 days 00:01:23.326000,SOFT,1.0,,
BEA,21.0,0 days 00:01:23.034000,SOFT,1.0,,
BEA,22.0,0 days 00:01:23.111000,SOFT,1.0,,
BEA,23.0,0 days 00:01:23.574000,SOFT,1.0,,
BEA,24.0,0 days 00:01:26.191000,SOFT,1.0,0 days 01:30:31.137000,
BEA,25.0,0 days 00:01:41.618000,MEDIUM,2.0,,0 days 01:30:53.788000
BEA,26.0,0 days 00:01:21.914000,MEDIUM,2.0,,
BEA,27.0,0 days 00:01:23.465000,MEDIUM,2.0,,
BEA,28.0,0 days 00:01:21.809000,MEDIUM,2.0,,
BEA,29.0,0 days 00:01:22.213000,MEDIUM,2.0,,
BEA,30.0,0 days 00:01:22.560000,MEDIUM,2.0,,
BEA,31.0,0 days 00:01:22.455000,MEDIUM,2.0,,
BEA,32.0,0 days 00:01:22.639000,MEDIUM,2.0,,
BEA,33.0,0 days 00:01:22.768000,MEDIUM,2.0,,
BEA,34.0,0 days 00:01:22.628000,MEDIUM,2.0,,
BEA,35.0,0 days 00:01:22.622000,MEDIUM,2.0,,
BEA,36.0,0 days 00:01:22.462000,MEDIUM,2.0,,
BEA,37.0,0 days 00:01:22.452000,MEDIUM,2.0,,
BEA,38.0,0 days 00:01:22.500000,MEDIUM,2.0,,
BEA,39.0,0 days 00:01:22.402000,MEDIUM,2.0,,
BEA,40.0,0 days 00:01:22.203000,MEDIUM,2.0,,
BEA,41.0,0 days 00:01:22.499000,MEDIUM,2.0,,
BEA,42.0,0 days 00:01:22.332000,MEDIUM,2.0,,
BEA,43.0,0 days 00:01:22.393000,MEDIUM,2.0,,
BEA,44.0,0 days 00:01:22.179000,MEDIUM,2.0,,
BEA,45.0,0 days 00:01:22.292000,MEDIUM,2.0,,
BEA,46.0,0 days 00:01:22.126000,MEDIUM,2.0,,
BEA,47.0,0 days 00:01:22.368000,MEDIUM,2.0,,
BEA,48.0,0 days 00:01:25.115000,MEDIUM,2.0,0 days 02:03:51.122000,
BEA,49.0,0 days 00:01:40.046000,SOFT,3.0,,0 days 02:04:13.311000
BEA,50.0,0 days 00:01:20.933000,SOFT,3.0,,
BEA,51.0,0 days 00:01:20.705000,SOFT,3.0,,
BEA,52.0,0 days 00:01:20.780000,SOFT,3.0,,
BEA,53.0,0 days 00:01:20.947000,SOFT,3.0,,
BEA,54.0,0 days 00:01:20.821000,SOFT,3.0,,
BEA,55.0,0 days 00:01:21.274000,SOFT,3.0,,
BEA,56.0,0 days 00:01:21.282000,SOFT,3.0,,
BEA,57.0,0 days 00:01:21.186000,SOFT,3.0,,
BEA,58.0,0 days 00:01:20.881000,SOFT,3.0,,
BEA,59.0,0 days 00:01:21.266000,SOFT,3.0,,
BEA,60.0,0 days 00:01:21.088000,SOFT,3.0,,
BEA,61.0,0 days 00:01:21.222000,SOFT,3.0,,
BEA,62.0,0 days 00:01:20.963000,SOFT,3.0,,
BEA,63.0,0 days 00:01:21.260000,SOFT,3.0,,
BEA,64.0,0 days 00:01:21.230000,SOFT,3.0,,
BEA,65.0,0 days 00:01:21.275000,SOFT,3.0,,
BEA,66.0,0 days 00:01:20.964000,SOFT,3.0,,
BEA,67.0,0 days 00:01:21.496000,SOFT,3.0,,
BEA,68.0,0 days 00:01:21.377000,SOFT,3.0,,
BEA,69.0,0 days 00:01:22.733000,SOFT,3.0,,
BEA,70.0,0 days 00:01:39.545000,SOFT,3.0,,
BEA,71.0,0 days 00:01:29.864000,SOFT,3.0,,
