Driver,LapNumber,LapTime,Compound,Stint,IsAccurate
HAM,1.0,0 days 00:01:59.538000,MEDIUM,1.0,False
HAM,2.0,0 days 00:02:22.712000,MEDIUM,1.0,False
HAM,3.0,,MEDIUM,1.0,False
HAM,4.0,0 days 00:01:44.932000,MEDIUM,1.0,False
HAM,5.0,0 days 00:01:45.139000,MEDIUM,1.0,False
HAM,6.0,0 days 00:01:36.169000,MEDIUM,1.0,True
HAM,7.0,0 days 00:01:36.123000,MEDIUM,1.0,True
HAM,8.0,0 days 00:01:36.075000,MEDIUM,1.0,True
HAM,9.0,0 days 00:01:36.148000,MEDIUM,1.0,True
HAM,10.0,0 days 00:01:36.082000,MEDIUM,1.0,True
HAM,11.0,0 days 00:01:36.143000,MEDIUM,1.0,True
HAM,12.0,0 days 00:01:36.507000,MEDIUM,1.0,True
HAM,13.0,0 days 00:01:38.924000,MEDIUM,1.0,False
HAM,14.0,0 days 00:01:55.006000,HARD,2.0,False
HAM,15.0,0 days 00:01:34.057000,HARD,2.0,True
HAM,16.0,0 days 00:01:35.104000,HARD,2.0,True
HAM,17.0,0 days 00:01:35.099000,HARD,2.0,True
HAM,18.0,0 days 00:01:35.266000,HARD,2.0,True
HAM,19.0,0 days 00:01:35.346000,HARD,2.0,True
HAM,20.0,0 days 00:01:35.324000,HARD,2.0,True
HAM,21.0,0 days 00:01:35.837000,HARD,2.0,True
HAM,22.0,0 days 00:01:35.539000,HARD,2.0,True
HAM,23.0,0 days 00:01:35.219000,HARD,2.0,True
HAM,24.0,0 days 00:01:35.087000,HARD,2.0,True
HAM,25.0,0 days 00:01:35.359000,HARD,2.0,True
HAM,26.0,0 days 00:01:35.622000,HARD,2.0,True
HAM,27.0,0 days 00:01:35.940000,HARD,2.0,True
HAM,28.0,0 days 00:01:37.835000,HARD,2.0,False
HAM,29.0,0 days 00:01:55.194000,HARD,3.0,False
HAM,30.0,0 days 00:01:34.365000,HARD,3.0,True
HAM,31.0,0 days 00:01:35.305000,HARD,3.0,True
HAM,32.0,0 days 00:01:34.729000,HARD,3.0,True
HAM,33.0,0 days 00:01:35.041000,HARD,3.0,True
HAM,34.0,0 days 00:01:34.665000,HARD,3.0,True
HAM,35.0,0 days 00:01:34.745000,HARD,3.0,True
HAM,36.0,0 days 00:01:34.754000,HARD,3.0,True
HAM,37.0,0 days 00:01:34.740000,HARD,3.0,True
HAM,38.0,0 days 00:01:34.720000,HARD,3.0,True
HAM,39.0,0 days 00:01:34.816000,HARD,3.0,True
HAM,40.0,0 days 00:01:34.890000,HARD,3.0,True
HAM,41.0,0 days 00:01:34.334000,HARD,3.0,True
HAM,42.0,0 days 00:01:34.199000,HARD,3.0,True
HAM,43.0,0 days 00:01:34.163000,HARD,3.0,True
HAM,44.0,0 days 00:01:34.015000,HARD,3.0,True
HAM,45.0,0 days 00:01:34.583000,HARD,3.0,True
HAM,46.0,0 days 00:01:34.492000,HARD,3.0,True
HAM,47.0,0 days 00:01:34.591000,HARD,3.0,True
HAM,48.0,0 days 00:01:34.167000,HARD,3.0,True
HAM,49.0,0 days 00:01:34.136000,HARD,3.0,True
HAM,50.0,0 days 00:01:34.354000,HARD,3.0,True
HAM,51.0,0 days 00:01:34.579000,HARD,3.0,True
HAM,52.0,0 days 00:01:34.939000,HARD,3.0,True
HAM,53.0,0 days 00:01:36.155000,HARD,3.0,True
HAM,54.0,0 days 00:01:34.814000,HARD,3.0,True
HAM,55.0,0 days 00:01:34.706000,HARD,3.0,True
HAM,56.0,0 days 00:01:34.918000,HARD,3.0,True
VER,1.0,0 days 00:01:58.245000,MEDIUM,1.0,False
VER,2.0,0 days 00:02:22.406000,MEDIUM,1.0,False
VER,3.0,,MEDIUM,1.0,False
VER,4.0,0 days 00:01:44.343000,MEDIUM,1.0,False
VER,5.0,0 days 00:01:44.629000,MEDIUM,1.0,False
VER,6.0,0 days 00:01:35.982000,MEDIUM,1.0,True
VER,7.0,0 days 00:01:35.902000,MEDIUM,1.0,True
VER,8.0,0 days 00:01:36.032000,MEDIUM,1.0,True
VER,9.0,0 days 00:01:36.012000,MEDIUM,1.0,True
VER,10.0,0 days 00:01:36.175000,MEDIUM,1.0,True
VER,11.0,0 days 00:01:36.179000,MEDIUM,1.0,True
VER,12.0,0 days 00:01:36.592000,MEDIUM,1.0,True
VER,13.0,0 days 00:01:36.291000,MEDIUM,1.0,True
VER,14.0,0 days 00:01:36.880000,MEDIUM,1.0,True
VER,15.0,0 days 00:01:36.924000,MEDIUM,1.0,True
VER,16.0,0 days 00:01:37.033000,MEDIUM,1.0,True
VER,17.0,0 days 00:01:39.153000,MEDIUM,1.0,False
VER,18.0,0 days 00:01:55.532000,MEDIUM,2.0,False
VER,19.0,0 days 00:01:34.421000,MEDIUM,2.0,True
VER,20.0,0 days 00:01:34.870000,MEDIUM,2.0,True
VER,21.0,0 days 00:01:34.829000,MEDIUM,2.0,True
VER,22.0,0 days 00:01:35.159000,MEDIUM,2.0,True
VER,23.0,0 days 00:01:35.122000,MEDIUM,2.0,True
VER,24.0,0 days 00:01:35.207000,MEDIUM,2.0,True
VER,25.0,0 days 00:01:35.044000,MEDIUM,2.0,True
VER,26.0,0 days 00:01:34.958000,MEDIUM,2.0,True
VER,27.0,0 days 00:01:35.118000,MEDIUM,2.0,True
VER,28.0,0 days 00:01:35.126000,MEDIUM,2.0,True
VER,29.0,0 days 00:01:35.282000,MEDIUM,2.0,True
VER,30.0,0 days 00:01:35.476000,MEDIUM,2.0,True
VER,31.0,0 days 00:01:35.054000,MEDIUM,2.0,True
VER,32.0,0 days 00:01:35.378000,MEDIUM,2.0,True
VER,33.0,0 days 00:01:35.286000,MEDIUM,2.0,True
VER,34.0,0 days 00:01:35.638000,MEDIUM,2.0,True
VER,35.0,0 days 00:01:35.593000,MEDIUM,2.0,True
VER,36.0,0 days 00:01:35.721000,MEDIUM,2.0,True
VER,37.0,0 days 00:01:35.620000,MEDIUM,2.0,True
VER,38.0,0 days 00:01:35.921000,MEDIUM,2.0,True
VER,39.0,0 days 00:01:37.828000,MEDIUM,2.0,False
VER,40.0,0 days 00:01:53.437000,HARD,3.0,False
VER,41.0,0 days 00:01:33.228000,HARD,3.0,True
VER,42.0,0 days 00:01:33.450000,HARD,3.0,True
VER,43.0,0 days 00:01:33.231000,HARD,3.0,True
VER,44.0,0 days 00:01:33.594000,HARD,3.0,True
VER,45.0,0 days 00:01:34.056000,HARD,3.0,True
VER,46.0,0 days 00:01:33.894000,HARD,3.0,True
VER,47.0,0 days 00:01:34.092000,HARD,3.0,True
VER,48.0,0 days 00:01:33.818000,HARD,3.0,True
VER,49.0,0 days 00:01:33.576000,HARD,3.0,True
VER,50.0,0 days 00:01:33.893000,HARD,3.0,True
VER,51.0,0 days 00:01:33.964000,HARD,3.0,True
VER,52.0,0 days 00:01:34.669000,HARD,3.0,True
VER,53.0,0 days 00:01:36.413000,HARD,3.0,True
VER,54.0,0 days 00:01:35.073000,HARD,3.0,True
VER,55.0,0 days 00:01:34.565000,HARD,3.0,True
VER,56.0,0 days 00:01:34.727000,HARD,3.0,True
BOT,1.0,0 days 00:02:03.772000,MEDIUM,1.0,False
BOT,2.0,0 days 00:02:21.478000,MEDIUM,1.0,False
BOT,3.0,,MEDIUM,1.0,False
BOT,4.0,0 days 00:01:48.046000,MEDIUM,1.0,False
BOT,5.0,0 days 00:01:43.651000,MEDIUM,1.0,False
BOT,6.0,0 days 00:01:37.109000,MEDIUM,1.0,True
BOT,7.0,0 days 00:01:36.355000,MEDIUM,1.0,True
BOT,8.0,0 days 00:01:36.022000,MEDIUM,1.0,True
BOT,9.0,0 days 00:01:37.086000,MEDIUM,1.0,True
BOT,10.0,0 days 00:01:36.405000,MEDIUM,1.0,True
BOT,11.0,0 days 00:01:36.384000,MEDIUM,1.0,True
BOT,12.0,0 days 00:01:36.460000,MEDIUM,1.0,True
BOT,13.0,0 days 00:01:36.423000,MEDIUM,1.0,True
BOT,14.0,0 days 00:01:36.736000,MEDIUM,1.0,True
BOT,15.0,0 days 00:01:36.583000,MEDIUM,1.0,True
BOT,16.0,0 days 00:01:39.534000,MEDIUM,1.0,False
BOT,17.0,0 days 00:01:54.719000,HARD,2.0,False
BOT,18.0,0 days 00:01:35.038000,HARD,2.0,True
BOT,19.0,0 days 00:01:34.518000,HARD,2.0,True
BOT,20.0,0 days 00:01:34.774000,HARD,2.0,True
BOT,21.0,0 days 00:01:35.098000,HARD,2.0,True
BOT,22.0,0 days 00:01:35.077000,HARD,2.0,True
BOT,23.0,0 days 00:01:35.092000,HARD,2.0,True
BOT,24.0,0 days 00:01:35.193000,HARD,2.0,True
BOT,25.0,0 days 00:01:35.022000,HARD,2.0,True
BOT,26.0,0 days 00:01:35.308000,HARD,2.0,True
BOT,27.0,0 days 00:01:35.469000,HARD,2.0,True
BOT,28.0,0 days 00:01:35.376000,HARD,2.0,True
BOT,29.0,0 days 00:01:35.915000,HARD,2.0,True
BOT,30.0,0 days 00:01:38.028000,HARD,2.0,False
BOT,31.0,0 days 00:02:03.818000,HARD,3.0,False
BOT,32.0,0 days 00:01:35.120000,HARD,3.0,True
BOT,33.0,0 days 00:01:34.457000,HARD,3.0,True
BOT,34.0,0 days 00:01:34.472000,HARD,3.0,True
BOT,35.0,0 days 00:01:34.400000,HARD,3.0,True
BOT,36.0,0 days 00:01:34.461000,HARD,3.0,True
BOT,37.0,0 days 00:01:34.399000,HARD,3.0,True
BOT,38.0,0 days 00:01:34.418000,HARD,3.0,True
BOT,39.0,0 days 00:01:35.198000,HARD,3.0,True
BOT,40.0,0 days 00:01:34.729000,HARD,3.0,True
BOT,41.0,0 days 00:01:34.776000,HARD,3.0,True
BOT,42.0,0 days 00:01:34.798000,HARD,3.0,True
BOT,43.0,0 days 00:01:34.466000,HARD,3.0,True
BOT,44.0,0 days 00:01:34.303000,HARD,3.0,True
BOT,45.0,0 days 00:01:35.158000,HARD,3.0,True
BOT,46.0,0 days 00:01:34.379000,HARD,3.0,True
BOT,47.0,0 days 00:01:34.272000,HARD,3.0,True
BOT,48.0,0 days 00:01:34.217000,HARD,3.0,True
BOT,49.0,0 days 00:01:34.212000,HARD,3.0,True
BOT,50.0,0 days 00:01:34.309000,HARD,3.0,True
BOT,51.0,0 days 00:01:34.488000,HARD,3.0,True
BOT,52.0,0 days 00:01:35.125000,HARD,3.0,True
BOT,53.0,0 days 00:01:34.644000,HARD,3.0,True
BOT,54.0,0 days 00:01:37.802000,HARD,3.0,False
BOT,55.0,0 days 00:01:55.899000,MEDIUM,4.0,False
BOT,56.0,0 days 00:01:32.090000,MEDIUM,4.0,True
NOR,1.0,0 days 00:02:06.744000,SOFT,1.0,False
NOR,2.0,0 days 00:02:20.999000,SOFT,1.0,False
NOR,3.0,,SOFT,1.0,False
NOR,4.0,0 days 00:01:49.988000,SOFT,1.0,False
NOR,5.0,0 days 00:01:42.220000,SOFT,1.0,False
NOR,6.0,0 days 00:01:37.893000,SOFT,1.0,True
NOR,7.0,0 days 00:01:36.906000,SOFT,1.0,True
NOR,8.0,0 days 00:01:37.724000,SOFT,1.0,True
NOR,9.0,0 days 00:01:37.360000,SOFT,1.0,True
NOR,10.0,0 days 00:01:37.523000,SOFT,1.0,True
NOR,11.0,0 days 00:01:37.162000,SOFT,1.0,True
NOR,12.0,0 days 00:01:40.425000,SOFT,1.0,False
NOR,13.0,0 days 00:01:57.417000,MEDIUM,2.0,False
NOR,14.0,0 days 00:01:35.286000,MEDIUM,2.0,True
NOR,15.0,0 days 00:01:35.679000,MEDIUM,2.0,True
NOR,16.0,0 days 00:01:36.344000,MEDIUM,2.0,True
NOR,17.0,0 days 00:01:36.239000,MEDIUM,2.0,True
NOR,18.0,0 days 00:01:36.045000,MEDIUM,2.0,True
NOR,19.0,0 days 00:01:36.084000,MEDIUM,2.0,True
NOR,20.0,0 days 00:01:36.463000,MEDIUM,2.0,True
NOR,21.0,0 days 00:01:36.569000,MEDIUM,2.0,True
NOR,22.0,0 days 00:01:36.371000,MEDIUM,2.0,True
NOR,23.0,0 days 00:01:36.547000,MEDIUM,2.0,True
NOR,24.0,0 days 00:01:36.409000,MEDIUM,2.0,True
NOR,25.0,0 days 00:01:36.565000,MEDIUM,2.0,True
NOR,26.0,0 days 00:01:36.152000,MEDIUM,2.0,True
NOR,27.0,0 days 00:01:36.290000,MEDIUM,2.0,True
NOR,28.0,0 days 00:01:36.577000,MEDIUM,2.0,True
NOR,29.0,0 days 00:01:36.646000,MEDIUM,2.0,True
NOR,30.0,0 days 00:01:36.417000,MEDIUM,2.0,True
NOR,31.0,0 days 00:01:36.515000,MEDIUM,2.0,True
NOR,32.0,0 days 00:01:36.616000,MEDIUM,2.0,True
NOR,33.0,0 days 00:01:39.275000,MEDIUM,2.0,False
NOR,34.0,0 days 00:01:56.810000,HARD,3.0,False
NOR,35.0,0 days 00:01:34.899000,HARD,3.0,True
NOR,36.0,0 days 00:01:34.647000,HARD,3.0,True
NOR,37.0,0 days 00:01:34.501000,HARD,3.0,True
NOR,38.0,0 days 00:01:34.396000,HARD,3.0,True
NOR,39.0,0 days 00:01:34.629000,HARD,3.0,True
NOR,40.0,0 days 00:01:34.756000,HARD,3.0,True
NOR,41.0,0 days 00:01:34.800000,HARD,3.0,True
NOR,42.0,0 days 00:01:35.090000,HARD,3.0,True
NOR,43.0,0 days 00:01:34.805000,HARD,3.0,True
NOR,44.0,0 days 00:01:34.733000,HARD,3.0,True
NOR,45.0,0 days 00:01:34.816000,HARD,3.0,True
NOR,46.0,0 days 00:01:35.049000,HARD,3.0,True
NOR,47.0,0 days 00:01:34.843000,HARD,3.0,True
NOR,48.0,0 days 00:01:35.030000,HARD,3.0,True
NOR,49.0,0 days 00:01:35.112000,HARD,3.0,True
NOR,50.0,0 days 00:01:34.768000,HARD,3.0,True
NOR,51.0,0 days 00:01:35.074000,HARD,3.0,True
NOR,52.0,0 days 00:01:35.308000,HARD,3.0,True
NOR,53.0,0 days 00:01:35.429000,HARD,3.0,True
NOR,54.0,0 days 00:01:35.900000,HARD,3.0,True
NOR,55.0,0 days 00:01:35.718000,HARD,3.0,True
NOR,56.0,0 days 00:01:35.733000,HARD,3.0,True
PER,1.0,0 days 00:02:27.951000,MEDIUM,1.0,False
PER,2.0,0 days 00:02:20.666000,MEDIUM,1.0,False
PER,3.0,0 days 00:02:15.246000,MEDIUM,2.0,False
PER,4.0,0 days 00:01:58.724000,MEDIUM,2.0,False
PER,5.0,0 days 00:01:40.010000,MEDIUM,2.0,False
PER,6.0,0 days 00:01:37.480000,MEDIUM,2.0,True
PER,7.0,0 days 00:01:37.891000,MEDIUM,2.0,True
PER,8.0,0 days 00:01:37.134000,MEDIUM,2.0,True
PER,9.0,0 days 00:01:37.381000,MEDIUM,2.0,True
PER,10.0,0 days 00:01:36.788000,MEDIUM,2.0,True
PER,11.0,0 days 00:01:37.837000,MEDIUM,2.0,True
PER,12.0,0 days 00:01:37.988000,MEDIUM,2.0,True
PER,13.0,0 days 00:01:36.949000,MEDIUM,2.0,True
PER,14.0,0 days 00:01:36.870000,MEDIUM,2.0,True
PER,15.0,0 days 00:01:36.853000,MEDIUM,2.0,True
PER,16.0,0 days 00:01:36.526000,MEDIUM,2.0,True
PER,17.0,0 days 00:01:37.062000,MEDIUM,2.0,True
PER,18.0,0 days 00:01:38.124000,MEDIUM,2.0,True
PER,19.0,0 days 00:01:39.720000,MEDIUM,2.0,False
PER,20.0,0 days 00:01:56.512000,HARD,3.0,False
PER,21.0,0 days 00:01:35.721000,HARD,3.0,True
PER,22.0,0 days 00:01:35.633000,HARD,3.0,True
PER,23.0,0 days 00:01:35.807000,HARD,3.0,True
PER,24.0,0 days 00:01:35.964000,HARD,3.0,True
PER,25.0,0 days 00:01:35.526000,HARD,3.0,True
PER,26.0,0 days 00:01:36.592000,HARD,3.0,True
PER,27.0,0 days 00:01:35.221000,HARD,3.0,True
PER,28.0,0 days 00:01:35.488000,HARD,3.0,True
PER,29.0,0 days 00:01:35.877000,HARD,3.0,True
PER,30.0,0 days 00:01:35.713000,HARD,3.0,True
PER,31.0,0 days 00:01:36.302000,HARD,3.0,True
PER,32.0,0 days 00:01:35.458000,HARD,3.0,True
PER,33.0,0 days 00:01:36.547000,HARD,3.0,True
PER,34.0,0 days 00:01:35.796000,HARD,3.0,True
PER,35.0,0 days 00:01:36.056000,HARD,3.0,True
PER,36.0,0 days 00:01:35.970000,HARD,3.0,True
PER,37.0,0 days 00:01:35.987000,HARD,3.0,True
PER,38.0,0 days 00:01:38.802000,HARD,3.0,False
PER,39.0,0 days 00:01:56.750000,MEDIUM,4.0,False
PER,40.0,0 days 00:01:34.518000,MEDIUM,4.0,True
PER,41.0,0 days 00:01:34.263000,MEDIUM,4.0,True
PER,42.0,0 days 00:01:34.265000,MEDIUM,4.0,True
PER,43.0,0 days 00:01:34.449000,MEDIUM,4.0,True
PER,44.0,0 days 00:01:33.970000,MEDIUM,4.0,True
PER,45.0,0 days 00:01:34.542000,MEDIUM,4.0,True
PER,46.0,0 days 00:01:34.709000,MEDIUM,4.0,True
PER,47.0,0 days 00:01:34.634000,MEDIUM,4.0,True
PER,48.0,0 days 00:01:34.167000,MEDIUM,4.0,True
PER,49.0,0 days 00:01:34.665000,MEDIUM,4.0,True
PER,50.0,0 days 00:01:34.241000,MEDIUM,4.0,True
PER,51.0,0 days 00:01:34.340000,MEDIUM,4.0,True
PER,52.0,0 days 00:01:35.320000,MEDIUM,4.0,True
PER,53.0,0 days 00:01:34.546000,MEDIUM,4.0,True
PER,54.0,0 days 00:01:34.892000,MEDIUM,4.0,True
PER,55.0,0 days 00:01:34.746000,MEDIUM,4.0,True
PER,56.0,0 days 00:01:34.755000,MEDIUM,4.0,True
LEC,1.0,0 days 00:02:02.698000,SOFT,1.0,False
LEC,2.0,0 days 00:02:21.183000,SOFT,1.0,False
LEC,3.0,,SOFT,1.0,False
LEC,4.0,0 days 00:01:46.103000,SOFT,1.0,False
LEC,5.0,0 days 00:01:45.543000,SOFT,1.0,False
LEC,6.0,0 days 00:01:38.294000,SOFT,1.0,True
LEC,7.0,0 days 00:01:37.148000,SOFT,1.0,True
LEC,8.0,0 days 00:01:37.886000,SOFT,1.0,True
LEC,9.0,0 days 00:01:38.667000,SOFT,1.0,True
LEC,10.0,0 days 00:01:37.518000,SOFT,1.0,True
LEC,11.0,0 days 00:01:37.729000,SOFT,1.0,True
LEC,12.0,0 days 00:01:40.477000,SOFT,1.0,False
LEC,13.0,0 days 00:01:56.773000,MEDIUM,2.0,False
LEC,14.0,0 days 00:01:35.552000,MEDIUM,2.0,True
LEC,15.0,0 days 00:01:35.955000,MEDIUM,2.0,True
LEC,16.0,0 days 00:01:36.415000,MEDIUM,2.0,True
LEC,17.0,0 days 00:01:36.936000,MEDIUM,2.0,True
LEC,18.0,0 days 00:01:36.432000,MEDIUM,2.0,True
LEC,19.0,0 days 00:01:36.289000,MEDIUM,2.0,True
LEC,20.0,0 days 00:01:36.603000,MEDIUM,2.0,True
LEC,21.0,0 days 00:01:36.721000,MEDIUM,2.0,True
LEC,22.0,0 days 00:01:36.457000,MEDIUM,2.0,True
LEC,23.0,0 days 00:01:36.195000,MEDIUM,2.0,True
LEC,24.0,0 days 00:01:36.338000,MEDIUM,2.0,True
LEC,25.0,0 days 00:01:36.428000,MEDIUM,2.0,True
LEC,26.0,0 days 00:01:36.406000,MEDIUM,2.0,True
LEC,27.0,0 days 00:01:36.616000,MEDIUM,2.0,True
LEC,28.0,0 days 00:01:36.555000,MEDIUM,2.0,True
LEC,29.0,0 days 00:01:37.096000,MEDIUM,2.0,True
LEC,30.0,0 days 00:01:36.871000,MEDIUM,2.0,True
LEC,31.0,0 days 00:01:37.108000,MEDIUM,2.0,True
LEC,32.0,0 days 00:01:39.973000,MEDIUM,2.0,False
LEC,33.0,0 days 00:01:55.256000,HARD,3.0,False
LEC,34.0,0 days 00:01:35.096000,HARD,3.0,True
LEC,35.0,0 days 00:01:35.141000,HARD,3.0,True
LEC,36.0,0 days 00:01:35.055000,HARD,3.0,True
LEC,37.0,0 days 00:01:35.020000,HARD,3.0,True
LEC,38.0,0 days 00:01:35.264000,HARD,3.0,True
LEC,39.0,0 days 00:01:34.988000,HARD,3.0,True
LEC,40.0,0 days 00:01:35.118000,HARD,3.0,True
LEC,41.0,0 days 00:01:35.041000,HARD,3.0,True
LEC,42.0,0 days 00:01:35.284000,HARD,3.0,True
LEC,43.0,0 days 00:01:35.168000,HARD,3.0,True
LEC,44.0,0 days 00:01:35.294000,HARD,3.0,True
LEC,45.0,0 days 00:01:35.373000,HARD,3.0,True
LEC,46.0,0 days 00:01:35.287000,HARD,3.0,True
LEC,47.0,0 days 00:01:35.381000,HARD,3.0,True
LEC,48.0,0 days 00:01:35.153000,HARD,3.0,True
LEC,49.0,0 days 00:01:35.419000,HARD,3.0,True
LEC,50.0,0 days 00:01:35.067000,HARD,3.0,True
LEC,51.0,0 days 00:01:35.546000,HARD,3.0,True
LEC,52.0,0 days 00:01:37.113000,HARD,3.0,True
LEC,53.0,0 days 00:01:35.684000,HARD,3.0,True
LEC,54.0,0 days 00:01:35.945000,HARD,3.0,True
LEC,55.0,0 days 00:01:36.190000,HARD,3.0,True
LEC,56.0,0 days 00:01:36.951000,HARD,3.0,True
RIC,1.0,0 days 00:02:08.545000,SOFT,1.0,False
RIC,2.0,0 days 00:02:20.642000,SOFT,1.0,False
RIC,3.0,,SOFT,1.0,False
RIC,4.0,0 days 00:01:51.438000,SOFT,1.0,False
RIC,5.0,0 days 00:01:41.470000,SOFT,1.0,False
RIC,6.0,0 days 00:01:37.571000,SOFT,1.0,True
RIC,7.0,0 days 00:01:37.205000,SOFT,1.0,True
RIC,8.0,0 days 00:01:37.639000,SOFT,1.0,True
RIC,9.0,0 days 00:01:37.858000,SOFT,1.0,True
RIC,10.0,0 days 00:01:37.782000,SOFT,1.0,True
RIC,11.0,0 days 00:01:37.314000,SOFT,1.0,True
RIC,12.0,0 days 00:01:38.454000,SOFT,1.0,True
RIC,13.0,0 days 00:01:40.195000,SOFT,1.0,False
RIC,14.0,0 days 00:01:57.427000,MEDIUM,2.0,False
RIC,15.0,0 days 00:01:36.081000,MEDIUM,2.0,True
RIC,16.0,0 days 00:01:36.790000,MEDIUM,2.0,True
RIC,17.0,0 days 00:01:36.542000,MEDIUM,2.0,True
RIC,18.0,0 days 00:01:37.424000,MEDIUM,2.0,True
RIC,19.0,0 days 00:01:36.383000,MEDIUM,2.0,True
RIC,20.0,0 days 00:01:36.622000,MEDIUM,2.0,True
RIC,21.0,0 days 00:01:36.664000,MEDIUM,2.0,True
RIC,22.0,0 days 00:01:36.682000,MEDIUM,2.0,True
RIC,23.0,0 days 00:01:36.494000,MEDIUM,2.0,True
RIC,24.0,0 days 00:01:36.307000,MEDIUM,2.0,True
RIC,25.0,0 days 00:01:36.675000,MEDIUM,2.0,True
RIC,26.0,0 days 00:01:36.505000,MEDIUM,2.0,True
RIC,27.0,0 days 00:01:36.334000,MEDIUM,2.0,True
RIC,28.0,0 days 00:01:36.530000,MEDIUM,2.0,True
RIC,29.0,0 days 00:01:36.593000,MEDIUM,2.0,True
RIC,30.0,0 days 00:01:36.811000,MEDIUM,2.0,True
RIC,31.0,0 days 00:01:37.068000,MEDIUM,2.0,True
RIC,32.0,0 days 00:01:39.803000,MEDIUM,2.0,False
RIC,33.0,0 days 00:01:56.039000,HARD,3.0,False
RIC,34.0,0 days 00:01:35.633000,HARD,3.0,True
RIC,35.0,0 days 00:01:35.429000,HARD,3.0,True
RIC,36.0,0 days 00:01:34.932000,HARD,3.0,True
RIC,37.0,0 days 00:01:35.199000,HARD,3.0,True
RIC,38.0,0 days 00:01:35.201000,HARD,3.0,True
RIC,39.0,0 days 00:01:35.469000,HARD,3.0,True
RIC,40.0,0 days 00:01:35.596000,HARD,3.0,True
RIC,41.0,0 days 00:01:35.175000,HARD,3.0,True
RIC,42.0,0 days 00:01:35.222000,HARD,3.0,True
RIC,43.0,0 days 00:01:35.011000,HARD,3.0,True
RIC,44.0,0 days 00:01:36.591000,HARD,3.0,True
RIC,45.0,0 days 00:01:35.628000,HARD,3.0,True
RIC,46.0,0 days 00:01:35.435000,HARD,3.0,True
RIC,47.0,0 days 00:01:35.298000,HARD,3.0,True
RIC,48.0,0 days 00:01:35.128000,HARD,3.0,True
RIC,49.0,0 days 00:01:35.556000,HARD,3.0,True
RIC,50.0,0 days 00:01:36.458000,HARD,3.0,True
RIC,51.0,0 days 00:01:35.616000,HARD,3.0,True
RIC,52.0,0 days 00:01:35.768000,HARD,3.0,True
RIC,53.0,0 days 00:01:35.388000,HARD,3.0,True
RIC,54.0,0 days 00:01:35.773000,HARD,3.0,True
RIC,55.0,0 days 00:01:35.640000,HARD,3.0,True
RIC,56.0,0 days 00:01:35.823000,HARD,3.0,True
SAI,1.0,0 days 00:02:14.282000,SOFT,1.0,False
SAI,2.0,0 days 00:02:19.070000,SOFT,1.0,False
SAI,3.0,0 days 00:02:28.127000,SOFT,1.0,False
SAI,4.0,0 days 00:01:53.477000,SOFT,1.0,False
SAI,5.0,0 days 00:01:41.209000,SOFT,1.0,False
SAI,6.0,0 days 00:01:37.112000,SOFT,1.0,True
SAI,7.0,0 days 00:01:37.139000,SOFT,1.0,True
SAI,8.0,0 days 00:01:37.829000,SOFT,1.0,True
SAI,9.0,0 days 00:01:38.396000,SOFT,1.0,True
SAI,10.0,0 days 00:01:38.012000,SOFT,1.0,True
SAI,11.0,0 days 00:01:37.562000,SOFT,1.0,True
SAI,12.0,0 days 00:01:37.716000,SOFT,1.0,True
SAI,13.0,0 days 00:01:37.660000,SOFT,1.0,True
SAI,14.0,0 days 00:01:37.591000,SOFT,1.0,True
SAI,15.0,0 days 00:01:40.840000,SOFT,1.0,False
SAI,16.0,0 days 00:01:56.548000,MEDIUM,2.0,False
SAI,17.0,0 days 00:01:36.150000,MEDIUM,2.0,True
SAI,18.0,0 days 00:01:36.364000,MEDIUM,2.0,True
SAI,19.0,0 days 00:01:36.450000,MEDIUM,2.0,True
SAI,20.0,0 days 00:01:38.966000,MEDIUM,2.0,True
SAI,21.0,0 days 00:01:36.702000,MEDIUM,2.0,True
SAI,22.0,0 days 00:01:36.516000,MEDIUM,2.0,True
SAI,23.0,0 days 00:01:36.236000,MEDIUM,2.0,True
SAI,24.0,0 days 00:01:36.279000,MEDIUM,2.0,True
SAI,25.0,0 days 00:01:37.598000,MEDIUM,2.0,True
SAI,26.0,0 days 00:01:36.686000,MEDIUM,2.0,True
SAI,27.0,0 days 00:01:36.574000,MEDIUM,2.0,True
SAI,28.0,0 days 00:01:36.842000,MEDIUM,2.0,True
SAI,29.0,0 days 00:01:36.020000,MEDIUM,2.0,True
SAI,30.0,0 days 00:01:36.217000,MEDIUM,2.0,True
SAI,31.0,0 days 00:01:36.273000,MEDIUM,2.0,True
SAI,32.0,0 days 00:01:36.469000,MEDIUM,2.0,True
SAI,33.0,0 days 00:01:37.141000,MEDIUM,2.0,True
SAI,34.0,0 days 00:01:36.635000,MEDIUM,2.0,True
SAI,35.0,0 days 00:01:36.584000,MEDIUM,2.0,True
SAI,36.0,0 days 00:01:36.713000,MEDIUM,2.0,True
SAI,37.0,0 days 00:01:39.631000,MEDIUM,2.0,False
SAI,38.0,0 days 00:01:55.128000,HARD,3.0,False
SAI,39.0,0 days 00:01:34.661000,HARD,3.0,True
SAI,40.0,0 days 00:01:34.630000,HARD,3.0,True
SAI,41.0,0 days 00:01:34.876000,HARD,3.0,True
SAI,42.0,0 days 00:01:34.636000,HARD,3.0,True
SAI,43.0,0 days 00:01:34.811000,HARD,3.0,True
SAI,44.0,0 days 00:01:35.081000,HARD,3.0,True
SAI,45.0,0 days 00:01:36.024000,HARD,3.0,True
SAI,46.0,0 days 00:01:34.883000,HARD,3.0,True
SAI,47.0,0 days 00:01:34.693000,HARD,3.0,True
SAI,48.0,0 days 00:01:34.509000,HARD,3.0,True
SAI,49.0,0 days 00:01:34.636000,HARD,3.0,True
SAI,50.0,0 days 00:01:34.587000,HARD,3.0,True
SAI,51.0,0 days 00:01:35.110000,HARD,3.0,True
SAI,52.0,0 days 00:01:35.009000,HARD,3.0,True
SAI,53.0,0 days 00:01:35.163000,HARD,3.0,True
SAI,54.0,0 days 00:01:35.607000,HARD,3.0,True
SAI,55.0,0 days 00:01:35.577000,HARD,3.0,True
SAI,56.0,0 days 00:01:35.760000,HARD,3.0,True
TSU,1.0,0 days 00:02:22.502000,MEDIUM,1.0,False
TSU,2.0,0 days 00:02:18.520000,MEDIUM,1.0,False
TSU,3.0,0 days 00:02:22.096000,MEDIUM,1.0,False
TSU,4.0,0 days 00:02:00.403000,MEDIUM,1.0,False
TSU,5.0,0 days 00:01:40.554000,MEDIUM,1.0,False
TSU,6.0,0 days 00:01:38.218000,MEDIUM,1.0,True
TSU,7.0,0 days 00:01:37.329000,MEDIUM,1.0,True
TSU,8.0,0 days 00:01:37.491000,MEDIUM,1.0,True
TSU,9.0,0 days 00:01:37.907000,MEDIUM,1.0,True
TSU,10.0,0 days 00:01:37.738000,MEDIUM,1.0,True
TSU,11.0,0 days 00:01:37.593000,MEDIUM,1.0,True
TSU,12.0,0 days 00:01:37.947000,MEDIUM,1.0,True
TSU,13.0,0 days 00:01:37.882000,MEDIUM,1.0,True
TSU,14.0,0 days 00:01:37.923000,MEDIUM,1.0,True
TSU,15.0,0 days 00:01:40.580000,MEDIUM,1.0,False
TSU,16.0,0 days 00:01:57.127000,HARD,2.0,False
TSU,17.0,0 days 00:01:36.147000,HARD,2.0,True
TSU,18.0,0 days 00:01:36.149000,HARD,2.0,True
TSU,19.0,0 days 00:01:35.979000,HARD,2.0,True
TSU,20.0,0 days 00:01:38.319000,HARD,2.0,True
TSU,21.0,0 days 00:01:37.210000,HARD,2.0,True
TSU,22.0,0 days 00:01:36.558000,HARD,2.0,True
TSU,23.0,0 days 00:01:37.306000,HARD,2.0,True
TSU,24.0,0 days 00:01:36.154000,HARD,2.0,True
TSU,25.0,0 days 00:01:36.824000,HARD,2.0,True
TSU,26.0,0 days 00:01:36.195000,HARD,2.0,True
TSU,27.0,0 days 00:01:36.657000,HARD,2.0,True
TSU,28.0,0 days 00:01:36.870000,HARD,2.0,True
TSU,29.0,0 days 00:01:36.844000,HARD,2.0,True
TSU,30.0,0 days 00:01:36.705000,HARD,2.0,True
TSU,31.0,0 days 00:01:36.663000,HARD,2.0,True
TSU,32.0,0 days 00:01:36.654000,HARD,2.0,True
TSU,33.0,0 days 00:01:39.388000,HARD,2.0,False
TSU,34.0,0 days 00:01:55.773000,HARD,3.0,False
TSU,35.0,0 days 00:01:35.488000,HARD,3.0,True
TSU,36.0,0 days 00:01:35.977000,HARD,3.0,True
TSU,37.0,0 days 00:01:34.918000,HARD,3.0,True
TSU,38.0,0 days 00:01:34.761000,HARD,3.0,True
TSU,39.0,0 days 00:01:35.641000,HARD,3.0,True
TSU,40.0,0 days 00:01:35.691000,HARD,3.0,True
TSU,41.0,0 days 00:01:35.645000,HARD,3.0,True
TSU,42.0,0 days 00:01:35.551000,HARD,3.0,True
TSU,43.0,0 days 00:01:35.230000,HARD,3.0,True
TSU,44.0,0 days 00:01:35.296000,HARD,3.0,True
TSU,45.0,0 days 00:01:35.162000,HARD,3.0,True
TSU,46.0,0 days 00:01:35.254000,HARD,3.0,True
TSU,47.0,0 days 00:01:34.974000,HARD,3.0,True
TSU,48.0,0 days 00:01:35.179000,HARD,3.0,True
TSU,49.0,0 days 00:01:35.544000,HARD,3.0,True
TSU,50.0,0 days 00:01:35.108000,HARD,3.0,True
TSU,51.0,0 days 00:01:35.717000,HARD,3.0,True
TSU,52.0,0 days 00:01:36.122000,HARD,3.0,True
TSU,53.0,0 days 00:01:37.135000,HARD,3.0,True
TSU,54.0,0 days 00:01:37.354000,HARD,3.0,True
TSU,55.0,0 days 00:01:36.882000,HARD,3.0,True
TSU,56.0,0 days 00:01:36.755000,HARD,3.0,True
STR,1.0,0 days 00:02:12.396000,SOFT,1.0,False
STR,2.0,0 days 00:02:19.603000,SOFT,1.0,False
STR,3.0,0 days 00:02:29.035000,SOFT,1.0,False
STR,4.0,0 days 00:01:52.919000,SOFT,1.0,False
STR,5.0,0 days 00:01:41.463000,SOFT,1.0,False
STR,6.0,0 days 00:01:37.046000,SOFT,1.0,True
STR,7.0,0 days 00:01:37.209000,SOFT,1.0,True
STR,8.0,0 days 00:01:37.700000,SOFT,1.0,True
STR,9.0,0 days 00:01:37.797000,SOFT,1.0,True
STR,10.0,0 days 00:01:37.614000,SOFT,1.0,True
STR,11.0,0 days 00:01:37.536000,SOFT,1.0,True
STR,12.0,0 days 00:01:40.751000,SOFT,1.0,False
STR,13.0,0 days 00:01:56.840000,MEDIUM,2.0,False
STR,14.0,0 days 00:01:37.477000,MEDIUM,2.0,True
STR,15.0,0 days 00:01:36.841000,MEDIUM,2.0,True
STR,16.0,0 days 00:01:37.065000,MEDIUM,2.0,True
STR,17.0,0 days 00:01:36.333000,MEDIUM,2.0,True
STR,18.0,0 days 00:01:36.951000,MEDIUM,2.0,True
STR,19.0,0 days 00:01:38.008000,MEDIUM,2.0,True
STR,20.0,0 days 00:01:36.451000,MEDIUM,2.0,True
STR,21.0,0 days 00:01:37.206000,MEDIUM,2.0,True
STR,22.0,0 days 00:01:36.957000,MEDIUM,2.0,True
STR,23.0,0 days 00:01:36.843000,MEDIUM,2.0,True
STR,24.0,0 days 00:01:36.697000,MEDIUM,2.0,True
STR,25.0,0 days 00:01:36.879000,MEDIUM,2.0,True
STR,26.0,0 days 00:01:36.914000,MEDIUM,2.0,True
STR,27.0,0 days 00:01:37.700000,MEDIUM,2.0,True
STR,28.0,0 days 00:01:39.588000,MEDIUM,2.0,False
STR,29.0,0 days 00:01:57.513000,HARD,3.0,False
STR,30.0,0 days 00:01:36.023000,HARD,3.0,True
STR,31.0,0 days 00:01:34.865000,HARD,3.0,True
STR,32.0,0 days 00:01:35.279000,HARD,3.0,True
STR,33.0,0 days 00:01:35.429000,HARD,3.0,True
STR,34.0,0 days 00:01:35.328000,HARD,3.0,True
STR,35.0,0 days 00:01:35.549000,HARD,3.0,True
STR,36.0,0 days 00:01:35.455000,HARD,3.0,True
STR,37.0,0 days 00:01:35.464000,HARD,3.0,True
STR,38.0,0 days 00:01:35.686000,HARD,3.0,True
STR,39.0,0 days 00:01:36.132000,HARD,3.0,True
STR,40.0,0 days 00:01:36.678000,HARD,3.0,True
STR,41.0,0 days 00:01:35.787000,HARD,3.0,True
STR,42.0,0 days 00:01:35.921000,HARD,3.0,True
STR,43.0,0 days 00:01:35.713000,HARD,3.0,True
STR,44.0,0 days 00:01:36.014000,HARD,3.0,True
STR,45.0,0 days 00:01:36.294000,HARD,3.0,True
STR,46.0,0 days 00:01:37.413000,HARD,3.0,True
STR,47.0,0 days 00:01:36.374000,HARD,3.0,True
STR,48.0,0 days 00:01:36.267000,HARD,3.0,True
STR,49.0,0 days 00:01:36.098000,HARD,3.0,True
STR,50.0,0 days 00:01:36.155000,HARD,3.0,True
STR,51.0,0 days 00:01:36.581000,HARD,3.0,True
STR,52.0,0 days 00:01:37.090000,HARD,3.0,True
STR,53.0,0 days 00:01:36.939000,HARD,3.0,True
STR,54.0,0 days 00:01:37.076000,HARD,3.0,True
STR,55.0,0 days 00:01:37.068000,HARD,3.0,True
STR,56.0,0 days 00:01:38.600000,HARD,3.0,True
RAI,1.0,0 days 00:02:16.372000,MEDIUM,1.0,False
RAI,2.0,0 days 00:02:19.993000,MEDIUM,1.0,False
RAI,3.0,0 days 00:02:25.649000,MEDIUM,1.0,False
RAI,4.0,0 days 00:01:56.558000,MEDIUM,1.0,False
RAI,5.0,0 days 00:01:40.574000,MEDIUM,1.0,False
RAI,6.0,0 days 00:01:37.831000,MEDIUM,1.0,True
RAI,7.0,0 days 00:01:38.014000,MEDIUM,1.0,True
RAI,8.0,0 days 00:01:38.015000,MEDIUM,1.0,True
RAI,9.0,0 days 00:01:37.993000,MEDIUM,1.0,True
RAI,10.0,0 days 00:01:37.622000,MEDIUM,1.0,True
RAI,11.0,0 days 00:01:38.086000,MEDIUM,1.0,True
RAI,12.0,0 days 00:01:37.783000,MEDIUM,1.0,True
RAI,13.0,0 days 00:01:39.710000,MEDIUM,1.0,False
RAI,14.0,0 days 00:01:57.033000,HARD,2.0,False
RAI,15.0,0 days 00:01:36.336000,HARD,2.0,True
RAI,16.0,0 days 00:01:37.309000,HARD,2.0,True
RAI,17.0,0 days 00:01:37.169000,HARD,2.0,True
RAI,18.0,0 days 00:01:37.151000,HARD,2.0,True
RAI,19.0,0 days 00:01:37.121000,HARD,2.0,True
RAI,20.0,0 days 00:01:36.923000,HARD,2.0,True
RAI,21.0,0 days 00:01:37.665000,HARD,2.0,True
RAI,22.0,0 days 00:01:37.571000,HARD,2.0,True
RAI,23.0,0 days 00:01:36.985000,HARD,2.0,True
RAI,24.0,0 days 00:01:36.897000,HARD,2.0,True
RAI,25.0,0 days 00:01:37.019000,HARD,2.0,True
RAI,26.0,0 days 00:01:36.852000,HARD,2.0,True
RAI,27.0,0 days 00:01:36.495000,HARD,2.0,True
RAI,28.0,0 days 00:01:36.531000,HARD,2.0,True
RAI,29.0,0 days 00:01:39.035000,HARD,2.0,False
RAI,30.0,0 days 00:01:56.634000,MEDIUM,3.0,False
RAI,31.0,0 days 00:01:36.452000,MEDIUM,3.0,True
RAI,32.0,0 days 00:01:36.941000,MEDIUM,3.0,True
RAI,33.0,0 days 00:01:36.786000,MEDIUM,3.0,True
RAI,34.0,0 days 00:01:36.014000,MEDIUM,3.0,True
RAI,35.0,0 days 00:01:36.791000,MEDIUM,3.0,True
RAI,36.0,0 days 00:01:36.110000,MEDIUM,3.0,True
RAI,37.0,0 days 00:01:35.842000,MEDIUM,3.0,True
RAI,38.0,0 days 00:01:36.645000,MEDIUM,3.0,True
RAI,39.0,0 days 00:01:36.572000,MEDIUM,3.0,True
RAI,40.0,0 days 00:01:36.888000,MEDIUM,3.0,True
RAI,41.0,0 days 00:01:36.564000,MEDIUM,3.0,True
RAI,42.0,0 days 00:01:36.380000,MEDIUM,3.0,True
RAI,43.0,0 days 00:01:35.815000,MEDIUM,3.0,True
RAI,44.0,0 days 00:01:36.321000,MEDIUM,3.0,True
RAI,45.0,0 days 00:01:35.192000,MEDIUM,3.0,True
RAI,46.0,0 days 00:01:36.071000,MEDIUM,3.0,True
RAI,47.0,0 days 00:01:35.577000,MEDIUM,3.0,True
RAI,48.0,0 days 00:01:35.368000,MEDIUM,3.0,True
RAI,49.0,0 days 00:01:35.562000,MEDIUM,3.0,True
RAI,50.0,0 days 00:01:35.338000,MEDIUM,3.0,True
RAI,51.0,0 days 00:01:35.686000,MEDIUM,3.0,True
RAI,52.0,0 days 00:01:35.654000,MEDIUM,3.0,True
RAI,53.0,0 days 00:01:35.905000,MEDIUM,3.0,True
RAI,54.0,0 days 00:01:35.414000,MEDIUM,3.0,True
RAI,55.0,0 days 00:01:35.987000,MEDIUM,3.0,True
RAI,56.0,0 days 00:01:35.960000,MEDIUM,3.0,True
GIO,1.0,0 days 00:02:18.362000,MEDIUM,1.0,False
GIO,2.0,0 days 00:02:18.879000,MEDIUM,1.0,False
GIO,3.0,0 days 00:02:25.126000,MEDIUM,1.0,False
GIO,4.0,0 days 00:01:53.761000,MEDIUM,1.0,False
GIO,5.0,0 days 00:01:42.150000,MEDIUM,1.0,False
GIO,6.0,0 days 00:01:37.852000,MEDIUM,1.0,True
GIO,7.0,0 days 00:01:37.993000,MEDIUM,1.0,True
GIO,8.0,0 days 00:01:37.972000,MEDIUM,1.0,True
GIO,9.0,0 days 00:01:38.008000,MEDIUM,1.0,True
GIO,10.0,0 days 00:01:37.846000,MEDIUM,1.0,True
GIO,11.0,0 days 00:01:37.765000,MEDIUM,1.0,True
GIO,12.0,0 days 00:01:40.892000,MEDIUM,1.0,False
GIO,13.0,0 days 00:02:05.351000,HARD,2.0,False
GIO,14.0,0 days 00:01:37.462000,HARD,2.0,True
GIO,15.0,0 days 00:01:36.790000,HARD,2.0,True
GIO,16.0,0 days 00:01:37.458000,HARD,2.0,True
GIO,17.0,0 days 00:01:37.201000,HARD,2.0,True
GIO,18.0,0 days 00:01:37.139000,HARD,2.0,True
GIO,19.0,0 days 00:01:37.005000,HARD,2.0,True
GIO,20.0,0 days 00:01:37.279000,HARD,2.0,True
GIO,21.0,0 days 00:01:37.387000,HARD,2.0,True
GIO,22.0,0 days 00:01:37.442000,HARD,2.0,True
GIO,23.0,0 days 00:01:36.936000,HARD,2.0,True
GIO,24.0,0 days 00:01:37.236000,HARD,2.0,True
GIO,25.0,0 days 00:01:36.899000,HARD,2.0,True
GIO,26.0,0 days 00:01:36.918000,HARD,2.0,True
GIO,27.0,0 days 00:01:37.210000,HARD,2.0,True
GIO,28.0,0 days 00:01:36.940000,HARD,2.0,True
GIO,29.0,0 days 00:01:36.987000,HARD,2.0,True
GIO,30.0,0 days 00:01:39.490000,HARD,2.0,False
GIO,31.0,0 days 00:01:56.373000,MEDIUM,3.0,False
GIO,32.0,0 days 00:01:35.122000,MEDIUM,3.0,True
GIO,33.0,0 days 00:01:36.937000,MEDIUM,3.0,True
GIO,34.0,0 days 00:01:36.088000,MEDIUM,3.0,True
GIO,35.0,0 days 00:01:36.110000,MEDIUM,3.0,True
GIO,36.0,0 days 00:01:35.713000,MEDIUM,3.0,True
GIO,37.0,0 days 00:01:35.952000,MEDIUM,3.0,True
GIO,38.0,0 days 00:01:36.306000,MEDIUM,3.0,True
GIO,39.0,0 days 00:01:36.424000,MEDIUM,3.0,True
GIO,40.0,0 days 00:01:36.515000,MEDIUM,3.0,True
GIO,41.0,0 days 00:01:36.261000,MEDIUM,3.0,True
GIO,42.0,0 days 00:01:36.206000,MEDIUM,3.0,True
GIO,43.0,0 days 00:01:35.971000,MEDIUM,3.0,True
GIO,44.0,0 days 00:01:36.787000,MEDIUM,3.0,True
GIO,45.0,0 days 00:01:35.868000,MEDIUM,3.0,True
GIO,46.0,0 days 00:01:35.680000,MEDIUM,3.0,True
GIO,47.0,0 days 00:01:35.747000,MEDIUM,3.0,True
GIO,48.0,0 days 00:01:35.338000,MEDIUM,3.0,True
GIO,49.0,0 days 00:01:35.298000,MEDIUM,3.0,True
GIO,50.0,0 days 00:01:35.367000,MEDIUM,3.0,True
GIO,51.0,0 days 00:01:36.135000,MEDIUM,3.0,True
GIO,52.0,0 days 00:01:39.448000,MEDIUM,3.0,True
GIO,53.0,0 days 00:01:36.225000,MEDIUM,3.0,True
GIO,54.0,0 days 00:01:35.900000,MEDIUM,3.0,True
GIO,55.0,0 days 00:01:35.788000,MEDIUM,3.0,True
OCO,1.0,0 days 00:02:19.866000,SOFT,1.0,False
OCO,2.0,0 days 00:02:18.821000,SOFT,1.0,False
OCO,3.0,0 days 00:02:23.946000,SOFT,1.0,False
OCO,4.0,0 days 00:01:57.137000,SOFT,1.0,False
OCO,5.0,0 days 00:01:40.334000,SOFT,1.0,False
OCO,6.0,0 days 00:01:37.855000,SOFT,1.0,True
OCO,7.0,0 days 00:01:37.991000,SOFT,1.0,True
OCO,8.0,0 days 00:01:38.234000,SOFT,1.0,True
OCO,9.0,0 days 00:01:37.866000,SOFT,1.0,True
OCO,10.0,0 days 00:01:38.818000,SOFT,1.0,True
OCO,11.0,0 days 00:01:37.945000,SOFT,1.0,True
OCO,12.0,0 days 00:01:38.201000,SOFT,1.0,True
OCO,13.0,0 days 00:01:40.503000,SOFT,1.0,False
OCO,14.0,0 days 00:01:57.222000,MEDIUM,2.0,False
OCO,15.0,0 days 00:01:36.659000,MEDIUM,2.0,True
OCO,16.0,0 days 00:01:37.030000,MEDIUM,2.0,True
OCO,17.0,0 days 00:01:37.242000,MEDIUM,2.0,True
OCO,18.0,0 days 00:01:37.095000,MEDIUM,2.0,True
OCO,19.0,0 days 00:01:36.674000,MEDIUM,2.0,True
OCO,20.0,0 days 00:01:38.408000,MEDIUM,2.0,True
OCO,21.0,0 days 00:01:38.677000,MEDIUM,2.0,True
OCO,22.0,0 days 00:01:37.317000,MEDIUM,2.0,True
OCO,23.0,0 days 00:01:37.362000,MEDIUM,2.0,True
OCO,24.0,0 days 00:01:37.422000,MEDIUM,2.0,True
OCO,25.0,0 days 00:01:36.904000,MEDIUM,2.0,True
OCO,26.0,0 days 00:01:37.316000,MEDIUM,2.0,True
OCO,27.0,0 days 00:01:37.104000,MEDIUM,2.0,True
OCO,28.0,0 days 00:01:37.206000,MEDIUM,2.0,True
OCO,29.0,0 days 00:01:37.430000,MEDIUM,2.0,True
OCO,30.0,0 days 00:01:37.408000,MEDIUM,2.0,True
OCO,31.0,0 days 00:01:39.268000,MEDIUM,2.0,False
OCO,32.0,0 days 00:01:56.314000,HARD,3.0,False
OCO,33.0,0 days 00:01:35.250000,HARD,3.0,True
OCO,34.0,0 days 00:01:35.975000,HARD,3.0,True
OCO,35.0,0 days 00:01:35.848000,HARD,3.0,True
OCO,36.0,0 days 00:01:35.721000,HARD,3.0,True
OCO,37.0,0 days 00:01:35.708000,HARD,3.0,True
OCO,38.0,0 days 00:01:36.272000,HARD,3.0,True
OCO,39.0,0 days 00:01:36.308000,HARD,3.0,True
OCO,40.0,0 days 00:01:36.245000,HARD,3.0,True
OCO,41.0,0 days 00:01:36.045000,HARD,3.0,True
OCO,42.0,0 days 00:01:36.179000,HARD,3.0,True
OCO,43.0,0 days 00:01:35.530000,HARD,3.0,True
OCO,44.0,0 days 00:01:47.176000,HARD,3.0,True
OCO,45.0,0 days 00:01:36.502000,HARD,3.0,True
OCO,46.0,0 days 00:01:36.784000,HARD,3.0,True
OCO,47.0,0 days 00:01:36.739000,HARD,3.0,True
OCO,48.0,0 days 00:01:36.130000,HARD,3.0,True
OCO,49.0,0 days 00:01:36.359000,HARD,3.0,True
OCO,50.0,0 days 00:01:36.171000,HARD,3.0,True
OCO,51.0,0 days 00:01:36.055000,HARD,3.0,True
OCO,52.0,0 days 00:01:36.302000,HARD,3.0,True
OCO,53.0,0 days 00:01:36.381000,HARD,3.0,True
OCO,54.0,0 days 00:01:36.394000,HARD,3.0,True
OCO,55.0,0 days 00:01:36.346000,HARD,3.0,True
RUS,1.0,0 days 00:02:24.364000,SOFT,1.0,False
RUS,2.0,0 days 00:02:18.994000,SOFT,1.0,False
RUS,3.0,0 days 00:02:19.901000,SOFT,1.0,False
RUS,4.0,0 days 00:01:57.443000,SOFT,1.0,False
RUS,5.0,0 days 00:01:40.849000,SOFT,1.0,False
RUS,6.0,0 days 00:01:40.223000,SOFT,1.0,True
RUS,7.0,0 days 00:01:39.318000,SOFT,1.0,True
RUS,8.0,0 days 00:01:38.317000,SOFT,1.0,True
RUS,9.0,0 days 00:01:38.415000,SOFT,1.0,True
RUS,10.0,0 days 00:01:38.386000,SOFT,1.0,True
RUS,11.0,0 days 00:01:38.471000,SOFT,1.0,True
RUS,12.0,0 days 00:01:38.719000,SOFT,1.0,True
RUS,13.0,0 days 00:01:40.821000,SOFT,1.0,False
RUS,14.0,0 days 00:01:57.136000,MEDIUM,2.0,False
RUS,15.0,0 days 00:01:36.811000,MEDIUM,2.0,True
RUS,16.0,0 days 00:01:37.105000,MEDIUM,2.0,True
RUS,17.0,0 days 00:01:36.771000,MEDIUM,2.0,True
RUS,18.0,0 days 00:01:37.199000,MEDIUM,2.0,True
RUS,19.0,0 days 00:01:37.319000,MEDIUM,2.0,True
RUS,20.0,0 days 00:01:37.643000,MEDIUM,2.0,True
RUS,21.0,0 days 00:01:37.711000,MEDIUM,2.0,True
RUS,22.0,0 days 00:01:37.683000,MEDIUM,2.0,True
RUS,23.0,0 days 00:01:37.412000,MEDIUM,2.0,True
RUS,24.0,0 days 00:01:37.197000,MEDIUM,2.0,True
RUS,25.0,0 days 00:01:37.238000,MEDIUM,2.0,True
RUS,26.0,0 days 00:01:37.378000,MEDIUM,2.0,True
RUS,27.0,0 days 00:01:37.711000,MEDIUM,2.0,True
RUS,28.0,0 days 00:01:37.001000,MEDIUM,2.0,True
RUS,29.0,0 days 00:01:37.666000,MEDIUM,2.0,True
RUS,30.0,0 days 00:01:37.777000,MEDIUM,2.0,True
RUS,31.0,0 days 00:01:37.962000,MEDIUM,2.0,True
RUS,32.0,0 days 00:01:37.675000,MEDIUM,2.0,True
RUS,33.0,0 days 00:01:37.714000,MEDIUM,2.0,True
RUS,34.0,0 days 00:01:37.350000,MEDIUM,2.0,True
RUS,35.0,0 days 00:01:37.695000,MEDIUM,2.0,True
RUS,36.0,0 days 00:01:42.693000,MEDIUM,2.0,False
RUS,37.0,0 days 00:01:55.220000,MEDIUM,3.0,False
RUS,38.0,0 days 00:01:35.096000,MEDIUM,3.0,True
RUS,39.0,0 days 00:01:35.565000,MEDIUM,3.0,True
RUS,40.0,0 days 00:01:35.036000,MEDIUM,3.0,True
RUS,41.0,0 days 00:01:35.737000,MEDIUM,3.0,True
RUS,42.0,0 days 00:01:35.987000,MEDIUM,3.0,True
RUS,43.0,0 days 00:01:36.299000,MEDIUM,3.0,True
RUS,44.0,0 days 00:01:35.980000,MEDIUM,3.0,True
RUS,45.0,0 days 00:01:37.337000,MEDIUM,3.0,True
RUS,46.0,0 days 00:01:35.830000,MEDIUM,3.0,True
RUS,47.0,0 days 00:01:35.777000,MEDIUM,3.0,True
RUS,48.0,0 days 00:01:35.938000,MEDIUM,3.0,True
RUS,49.0,0 days 00:01:35.969000,MEDIUM,3.0,True
RUS,50.0,0 days 00:01:36.844000,MEDIUM,3.0,True
RUS,51.0,0 days 00:01:35.206000,MEDIUM,3.0,True
RUS,52.0,0 days 00:01:35.945000,MEDIUM,3.0,True
RUS,53.0,0 days 00:01:35.743000,MEDIUM,3.0,True
RUS,54.0,0 days 00:01:36.060000,MEDIUM,3.0,True
RUS,55.0,0 days 00:01:36.217000,MEDIUM,3.0,True
VET,1.0,0 days 00:02:21.797000,MEDIUM,1.0,False
VET,2.0,0 days 00:02:18.294000,MEDIUM,1.0,False
VET,3.0,0 days 00:02:22.630000,MEDIUM,1.0,False
VET,4.0,0 days 00:01:57.475000,MEDIUM,1.0,False
VET,5.0,0 days 00:01:41.948000,MEDIUM,1.0,False
VET,6.0,0 days 00:01:37.484000,MEDIUM,1.0,True
VET,7.0,0 days 00:01:37.964000,MEDIUM,1.0,True
VET,8.0,0 days 00:01:38.935000,MEDIUM,1.0,True
VET,9.0,0 days 00:01:39.358000,MEDIUM,1.0,True
VET,10.0,0 days 00:01:38.100000,MEDIUM,1.0,True
VET,11.0,0 days 00:01:38.184000,MEDIUM,1.0,True
VET,12.0,0 days 00:01:38.169000,MEDIUM,1.0,True
VET,13.0,0 days 00:01:38.050000,MEDIUM,1.0,True
VET,14.0,0 days 00:01:38.011000,MEDIUM,1.0,True
VET,15.0,0 days 00:01:38.024000,MEDIUM,1.0,True
VET,16.0,0 days 00:01:39.302000,MEDIUM,1.0,True
VET,17.0,0 days 00:01:38.734000,MEDIUM,1.0,True
VET,18.0,0 days 00:01:38.717000,MEDIUM,1.0,True
VET,19.0,0 days 00:01:39.071000,MEDIUM,1.0,True
VET,20.0,0 days 00:01:39.584000,MEDIUM,1.0,True
VET,21.0,0 days 00:01:39.996000,MEDIUM,1.0,True
VET,22.0,0 days 00:01:40.754000,MEDIUM,1.0,True
VET,23.0,0 days 00:01:38.631000,MEDIUM,1.0,True
VET,24.0,0 days 00:01:41.508000,MEDIUM,1.0,False
VET,25.0,0 days 00:01:56.594000,HARD,2.0,False
VET,26.0,0 days 00:01:35.566000,HARD,2.0,True
VET,27.0,0 days 00:01:36.045000,HARD,2.0,True
VET,28.0,0 days 00:01:36.341000,HARD,2.0,True
VET,29.0,0 days 00:01:36.434000,HARD,2.0,True
VET,30.0,0 days 00:01:36.260000,HARD,2.0,True
VET,31.0,0 days 00:01:36.185000,HARD,2.0,True
VET,32.0,0 days 00:01:36.335000,HARD,2.0,True
VET,33.0,0 days 00:01:36.492000,HARD,2.0,True
VET,34.0,0 days 00:01:36.041000,HARD,2.0,True
VET,35.0,0 days 00:01:36.249000,HARD,2.0,True
VET,36.0,0 days 00:01:37.852000,HARD,2.0,True
VET,37.0,0 days 00:01:36.733000,HARD,2.0,True
VET,38.0,0 days 00:01:36.240000,HARD,2.0,True
VET,39.0,0 days 00:01:36.726000,HARD,2.0,True
VET,40.0,0 days 00:01:36.391000,HARD,2.0,True
VET,41.0,0 days 00:01:36.171000,HARD,2.0,True
VET,42.0,0 days 00:01:36.356000,HARD,2.0,True
VET,43.0,0 days 00:01:36.379000,HARD,2.0,True
VET,44.0,0 days 00:01:45.206000,HARD,2.0,True
VET,45.0,0 days 00:01:36.705000,HARD,2.0,True
VET,46.0,0 days 00:01:38.732000,HARD,2.0,True
VET,47.0,0 days 00:01:38.436000,HARD,2.0,True
VET,48.0,0 days 00:01:37.072000,HARD,2.0,True
VET,49.0,0 days 00:01:36.842000,HARD,2.0,True
VET,50.0,0 days 00:01:37.236000,HARD,2.0,True
VET,51.0,0 days 00:01:39.325000,HARD,2.0,True
VET,52.0,0 days 00:01:38.594000,HARD,2.0,True
VET,53.0,0 days 00:01:37.099000,HARD,2.0,True
VET,54.0,0 days 00:01:37.522000,HARD,2.0,True
VET,55.0,0 days 00:01:37.560000,HARD,2.0,True
MSC,1.0,0 days 00:02:26.524000,MEDIUM,1.0,False
MSC,2.0,0 days 00:02:19.552000,MEDIUM,1.0,False
MSC,3.0,0 days 00:02:17.719000,MEDIUM,1.0,False
MSC,4.0,0 days 00:02:09.259000,MEDIUM,1.0,False
MSC,5.0,0 days 00:01:39.927000,MEDIUM,1.0,False
MSC,6.0,0 days 00:01:38.744000,MEDIUM,1.0,True
MSC,7.0,0 days 00:01:39.134000,MEDIUM,1.0,True
MSC,8.0,0 days 00:01:39.272000,MEDIUM,1.0,True
MSC,9.0,0 days 00:01:39.164000,MEDIUM,1.0,True
MSC,10.0,0 days 00:01:38.955000,MEDIUM,1.0,True
MSC,11.0,0 days 00:01:39.180000,MEDIUM,1.0,True
MSC,12.0,0 days 00:01:39.979000,MEDIUM,1.0,True
MSC,13.0,0 days 00:01:39.685000,MEDIUM,1.0,True
MSC,14.0,0 days 00:01:42.903000,MEDIUM,1.0,False
MSC,15.0,0 days 00:02:01.871000,MEDIUM,2.0,False
MSC,16.0,0 days 00:01:37.351000,MEDIUM,2.0,True
MSC,17.0,0 days 00:01:37.627000,MEDIUM,2.0,True
MSC,18.0,0 days 00:01:37.740000,MEDIUM,2.0,True
MSC,19.0,0 days 00:01:37.944000,MEDIUM,2.0,True
MSC,20.0,0 days 00:01:38.231000,MEDIUM,2.0,True
MSC,21.0,0 days 00:01:38.020000,MEDIUM,2.0,True
MSC,22.0,0 days 00:01:37.670000,MEDIUM,2.0,True
MSC,23.0,0 days 00:01:37.578000,MEDIUM,2.0,True
MSC,24.0,0 days 00:01:37.595000,MEDIUM,2.0,True
MSC,25.0,0 days 00:01:37.779000,MEDIUM,2.0,True
MSC,26.0,0 days 00:01:38.144000,MEDIUM,2.0,True
MSC,27.0,0 days 00:01:38.957000,MEDIUM,2.0,True
MSC,28.0,0 days 00:01:37.677000,MEDIUM,2.0,True
MSC,29.0,0 days 00:01:38.250000,MEDIUM,2.0,True
MSC,30.0,0 days 00:01:38.899000,MEDIUM,2.0,True
MSC,31.0,0 days 00:01:38.322000,MEDIUM,2.0,True
MSC,32.0,0 days 00:01:38.641000,MEDIUM,2.0,True
MSC,33.0,0 days 00:01:40.674000,MEDIUM,2.0,False
MSC,34.0,0 days 00:01:59.708000,HARD,3.0,False
MSC,35.0,0 days 00:01:36.711000,HARD,3.0,True
MSC,36.0,0 days 00:01:36.722000,HARD,3.0,True
MSC,37.0,0 days 00:01:38.714000,HARD,3.0,True
MSC,38.0,0 days 00:01:36.134000,HARD,3.0,True
MSC,39.0,0 days 00:01:36.786000,HARD,3.0,True
MSC,40.0,0 days 00:01:36.843000,HARD,3.0,True
MSC,41.0,0 days 00:01:36.674000,HARD,3.0,True
MSC,42.0,0 days 00:01:37.962000,HARD,3.0,True
MSC,43.0,0 days 00:01:36.409000,HARD,3.0,True
MSC,44.0,0 days 00:01:38.628000,HARD,3.0,True
MSC,45.0,0 days 00:01:36.389000,HARD,3.0,True
MSC,46.0,0 days 00:01:36.580000,HARD,3.0,True
MSC,47.0,0 days 00:01:37.997000,HARD,3.0,True
MSC,48.0,0 days 00:01:36.695000,HARD,3.0,True
MSC,49.0,0 days 00:01:38.802000,HARD,3.0,True
MSC,50.0,0 days 00:01:38.777000,HARD,3.0,True
MSC,51.0,0 days 00:01:36.652000,HARD,3.0,True
MSC,52.0,0 days 00:01:37.229000,HARD,3.0,True
MSC,53.0,0 days 00:01:36.856000,HARD,3.0,True
MSC,54.0,0 days 00:01:37.118000,HARD,3.0,True
MSC,55.0,0 days 00:01:37.351000,HARD,3.0,True
GAS,1.0,0 days 00:02:04.697000,MEDIUM,1.0,False
GAS,2.0,0 days 00:02:22.263000,MEDIUM,1.0,False
GAS,3.0,,MEDIUM,1.0,False
GAS,4.0,0 days 00:02:06.772000,MEDIUM,1.0,False
GAS,5.0,0 days 00:02:11.534000,HARD,2.0,False
GAS,6.0,0 days 00:01:36.677000,HARD,2.0,True
GAS,7.0,0 days 00:01:36.954000,HARD,2.0,True
GAS,8.0,0 days 00:01:37.424000,HARD,2.0,True
GAS,9.0,0 days 00:01:37.030000,HARD,2.0,True
GAS,10.0,0 days 00:01:37.375000,HARD,2.0,True
GAS,11.0,0 days 00:01:37.517000,HARD,2.0,True
GAS,12.0,0 days 00:01:38.054000,HARD,2.0,True
GAS,13.0,0 days 00:01:37.874000,HARD,2.0,True
GAS,14.0,0 days 00:01:38.302000,HARD,2.0,True
GAS,15.0,0 days 00:01:38.001000,HARD,2.0,True
GAS,16.0,0 days 00:01:37.993000,HARD,2.0,True
GAS,17.0,0 days 00:01:38.415000,HARD,2.0,True
GAS,18.0,0 days 00:01:39.272000,HARD,2.0,True
GAS,19.0,0 days 00:01:40.838000,HARD,2.0,False
GAS,20.0,0 days 00:01:59.290000,MEDIUM,3.0,False
GAS,21.0,0 days 00:01:36.483000,MEDIUM,3.0,True
GAS,22.0,0 days 00:01:36.475000,MEDIUM,3.0,True
GAS,23.0,0 days 00:01:36.421000,MEDIUM,3.0,True
GAS,24.0,0 days 00:01:36.519000,MEDIUM,3.0,True
GAS,25.0,0 days 00:01:36.472000,MEDIUM,3.0,True
GAS,26.0,0 days 00:01:36.890000,MEDIUM,3.0,True
GAS,27.0,0 days 00:01:36.394000,MEDIUM,3.0,True
GAS,28.0,0 days 00:01:36.512000,MEDIUM,3.0,True
GAS,29.0,0 days 00:01:36.217000,MEDIUM,3.0,True
GAS,30.0,0 days 00:01:36.061000,MEDIUM,3.0,True
GAS,31.0,0 days 00:01:36.185000,MEDIUM,3.0,True
GAS,32.0,0 days 00:01:36.452000,MEDIUM,3.0,True
GAS,33.0,0 days 00:01:36.357000,MEDIUM,3.0,True
GAS,34.0,0 days 00:01:36.689000,MEDIUM,3.0,True
GAS,35.0,0 days 00:01:38.745000,MEDIUM,3.0,True
GAS,36.0,0 days 00:01:36.891000,MEDIUM,3.0,True
GAS,37.0,0 days 00:01:36.736000,MEDIUM,3.0,True
GAS,38.0,0 days 00:01:36.928000,MEDIUM,3.0,True
GAS,39.0,0 days 00:01:39.587000,MEDIUM,3.0,False
GAS,40.0,0 days 00:01:56.887000,HARD,4.0,False
GAS,41.0,0 days 00:01:34.560000,HARD,4.0,True
GAS,42.0,0 days 00:01:34.349000,HARD,4.0,True
GAS,43.0,0 days 00:01:34.303000,HARD,4.0,True
GAS,44.0,0 days 00:01:34.978000,HARD,4.0,True
GAS,45.0,0 days 00:01:34.692000,HARD,4.0,True
GAS,46.0,0 days 00:01:34.230000,HARD,4.0,True
GAS,47.0,0 days 00:01:34.243000,HARD,4.0,True
GAS,48.0,0 days 00:01:34.090000,HARD,4.0,True
GAS,49.0,0 days 00:01:34.281000,HARD,4.0,True
GAS,50.0,0 days 00:01:34.346000,HARD,4.0,True
GAS,51.0,0 days 00:01:34.950000,HARD,4.0,True
GAS,52.0,0 days 00:01:38.051000,HARD,4.0,False
LAT,1.0,0 days 00:02:25.219000,SOFT,1.0,False
LAT,2.0,0 days 00:02:19.416000,SOFT,1.0,False
LAT,3.0,0 days 00:02:18.832000,SOFT,1.0,False
LAT,4.0,0 days 00:02:01.239000,SOFT,1.0,False
LAT,5.0,0 days 00:01:40.773000,SOFT,1.0,False
LAT,6.0,0 days 00:01:39.237000,SOFT,1.0,True
LAT,7.0,0 days 00:01:38.390000,SOFT,1.0,True
LAT,8.0,0 days 00:01:38.518000,SOFT,1.0,True
LAT,9.0,0 days 00:01:38.784000,SOFT,1.0,True
LAT,10.0,0 days 00:01:38.027000,SOFT,1.0,True
LAT,11.0,0 days 00:01:38.280000,SOFT,1.0,True
LAT,12.0,0 days 00:01:38.781000,SOFT,1.0,True
LAT,13.0,0 days 00:01:38.526000,SOFT,1.0,True
LAT,14.0,0 days 00:01:42.131000,SOFT,1.0,False
LAT,15.0,0 days 00:01:59.286000,MEDIUM,2.0,False
LAT,16.0,0 days 00:01:36.602000,MEDIUM,2.0,True
LAT,17.0,0 days 00:01:37.665000,MEDIUM,2.0,True
LAT,18.0,0 days 00:01:37.508000,MEDIUM,2.0,True
LAT,19.0,0 days 00:01:37.644000,MEDIUM,2.0,True
LAT,20.0,0 days 00:01:37.447000,MEDIUM,2.0,True
LAT,21.0,0 days 00:01:37.556000,MEDIUM,2.0,True
LAT,22.0,0 days 00:01:37.618000,MEDIUM,2.0,True
LAT,23.0,0 days 00:01:37.320000,MEDIUM,2.0,True
LAT,24.0,0 days 00:01:38.097000,MEDIUM,2.0,True
LAT,25.0,0 days 00:01:37.694000,MEDIUM,2.0,True
LAT,26.0,0 days 00:01:38.179000,MEDIUM,2.0,True
LAT,27.0,0 days 00:01:38.149000,MEDIUM,2.0,True
LAT,28.0,0 days 00:01:37.802000,MEDIUM,2.0,True
LAT,29.0,0 days 00:01:39.666000,MEDIUM,2.0,True
LAT,30.0,0 days 00:01:38.422000,MEDIUM,2.0,True
LAT,31.0,0 days 00:01:39.096000,MEDIUM,2.0,True
LAT,32.0,0 days 00:01:42.667000,MEDIUM,2.0,False
LAT,33.0,0 days 00:01:58.954000,MEDIUM,3.0,False
LAT,34.0,0 days 00:01:37.348000,MEDIUM,3.0,True
LAT,35.0,0 days 00:01:37.437000,MEDIUM,3.0,True
LAT,36.0,0 days 00:01:37.610000,MEDIUM,3.0,True
LAT,37.0,0 days 00:01:37.971000,MEDIUM,3.0,True
LAT,38.0,0 days 00:01:38.151000,MEDIUM,3.0,True
LAT,39.0,0 days 00:01:37.195000,MEDIUM,3.0,True
LAT,40.0,0 days 00:01:37.802000,MEDIUM,3.0,True
LAT,41.0,0 days 00:01:37.811000,MEDIUM,3.0,True
LAT,42.0,0 days 00:01:38.105000,MEDIUM,3.0,True
LAT,43.0,0 days 00:01:37.724000,MEDIUM,3.0,True
LAT,44.0,0 days 00:01:38.899000,MEDIUM,3.0,True
LAT,45.0,0 days 00:01:39.670000,MEDIUM,3.0,True
LAT,46.0,0 days 00:01:38.396000,MEDIUM,3.0,True
LAT,47.0,0 days 00:01:39.391000,MEDIUM,3.0,True
LAT,48.0,0 days 00:01:39.385000,MEDIUM,3.0,True
LAT,49.0,0 days 00:01:38.661000,MEDIUM,3.0,True
LAT,50.0,0 days 00:01:49.275000,MEDIUM,3.0,True
LAT,51.0,0 days 00:01:46.133000,MEDIUM,3.0,False
ALO,1.0,0 days 00:02:10.373000,SOFT,1.0,False
ALO,2.0,0 days 00:02:19.776000,SOFT,1.0,False
ALO,3.0,,SOFT,1.0,False
ALO,4.0,0 days 00:01:52.313000,SOFT,1.0,False
ALO,5.0,0 days 00:01:40.858000,SOFT,1.0,False
ALO,6.0,0 days 00:01:37.652000,SOFT,1.0,True
ALO,7.0,0 days 00:01:37.366000,SOFT,1.0,True
ALO,8.0,0 days 00:01:38.006000,SOFT,1.0,True
ALO,9.0,0 days 00:01:39.062000,SOFT,1.0,True
ALO,10.0,0 days 00:01:37.758000,SOFT,1.0,True
ALO,11.0,0 days 00:01:40.308000,SOFT,1.0,False
ALO,12.0,0 days 00:01:56.122000,MEDIUM,2.0,False
ALO,13.0,0 days 00:01:36.844000,MEDIUM,2.0,True
ALO,14.0,0 days 00:01:37.143000,MEDIUM,2.0,True
ALO,15.0,0 days 00:01:37.447000,MEDIUM,2.0,True
ALO,16.0,0 days 00:01:37.183000,MEDIUM,2.0,True
ALO,17.0,0 days 00:01:37.797000,MEDIUM,2.0,True
ALO,18.0,0 days 00:01:36.984000,MEDIUM,2.0,True
ALO,19.0,0 days 00:01:37.506000,MEDIUM,2.0,True
ALO,20.0,0 days 00:01:39.078000,MEDIUM,2.0,True
ALO,21.0,0 days 00:01:40.090000,MEDIUM,2.0,True
ALO,22.0,0 days 00:01:37.759000,MEDIUM,2.0,True
ALO,23.0,0 days 00:01:38.377000,MEDIUM,2.0,True
ALO,24.0,0 days 00:01:37.604000,MEDIUM,2.0,True
ALO,25.0,0 days 00:01:37.596000,MEDIUM,2.0,True
ALO,26.0,0 days 00:01:38.758000,MEDIUM,2.0,True
ALO,27.0,0 days 00:01:37.447000,MEDIUM,2.0,True
ALO,28.0,0 days 00:01:37.791000,MEDIUM,2.0,True
ALO,29.0,0 days 00:01:40.108000,MEDIUM,2.0,False
ALO,30.0,0 days 00:01:57.522000,HARD,3.0,False
ALO,31.0,0 days 00:01:36.063000,HARD,3.0,True
ALO,32.0,0 days 00:01:42.313000,HARD,3.0,False
MAZ,1.0,,MEDIUM,1.0,False
